2016-09-09 10:12:04,831 INFO org.springframework.test.context.support.DefaultTestContextBootstrapper:259 - Loaded default TestExecutionListener class names from location [META-INF/spring.factories]: [org.springframework.test.context.web.ServletTestExecutionListener, org.springframework.test.context.support.DirtiesContextBeforeModesTestExecutionListener, org.springframework.test.context.support.DependencyInjectionTestExecutionListener, org.springframework.test.context.support.DirtiesContextTestExecutionListener, org.springframework.test.context.transaction.TransactionalTestExecutionListener, org.springframework.test.context.jdbc.SqlScriptsTestExecutionListener]
2016-09-09 10:12:04,895 INFO org.springframework.test.context.support.DefaultTestContextBootstrapper:185 - Using TestExecutionListeners: [org.springframework.test.context.web.ServletTestExecutionListener@22eeefeb, org.springframework.test.context.support.DirtiesContextBeforeModesTestExecutionListener@17d0685f, org.springframework.test.context.support.DependencyInjectionTestExecutionListener@3891771e, org.springframework.test.context.support.DirtiesContextTestExecutionListener@78ac1102, org.springframework.test.context.transaction.TransactionalTestExecutionListener@2de8284b, org.springframework.test.context.jdbc.SqlScriptsTestExecutionListener@396e2f39]
2016-09-09 10:12:05,038 INFO org.springframework.beans.factory.xml.XmlBeanDefinitionReader:317 - Loading XML bean definitions from class path resource [applicationContext-mysql-beetlsql.xml]
2016-09-09 10:12:05,377 INFO org.springframework.context.support.GenericApplicationContext:577 - Refreshing org.springframework.context.support.GenericApplicationContext@1e4a7dd4: startup date [Fri Sep 09 10:12:05 CST 2016]; root of context hierarchy
2016-09-09 10:12:05,465 INFO org.springframework.context.support.PropertySourcesPlaceholderConfigurer:172 - Loading properties file from class path resource [mysql-application.properties]
2016-09-09 10:12:05,936 INFO com.alibaba.druid.pool.DruidDataSource:669 - {dataSource-1} inited
2016-09-09 10:12:06,195 INFO org.springframework.test.context.transaction.TransactionContext:101 - Began transaction (1) for test context [DefaultTestContext@332796d3 testClass = BaseMySqlTest, testInstance = org.beetl.sql.test.mysql.BaseMySqlTest@4f0100a7, testMethod = testEnv@BaseMySqlTest, testException = [null], mergedContextConfiguration = [MergedContextConfiguration@3eb81efb testClass = BaseMySqlTest, locations = '{classpath:applicationContext-mysql-beetlsql.xml}', classes = '{}', contextInitializerClasses = '[]', activeProfiles = '{}', propertySourceLocations = '{}', propertySourceProperties = '{}', contextLoader = 'org.springframework.test.context.support.DelegatingSmartContextLoader', parent = [null]]]; transaction manager [org.springframework.jdbc.datasource.DataSourceTransactionManager@3cdf2c61]; rollback [true]
2016-09-09 10:12:06,403 INFO org.springframework.test.context.transaction.TransactionContext:136 - Rolled back transaction for test context [DefaultTestContext@332796d3 testClass = BaseMySqlTest, testInstance = org.beetl.sql.test.mysql.BaseMySqlTest@4f0100a7, testMethod = testEnv@BaseMySqlTest, testException = [null], mergedContextConfiguration = [MergedContextConfiguration@3eb81efb testClass = BaseMySqlTest, locations = '{classpath:applicationContext-mysql-beetlsql.xml}', classes = '{}', contextInitializerClasses = '[]', activeProfiles = '{}', propertySourceLocations = '{}', propertySourceProperties = '{}', contextLoader = 'org.springframework.test.context.support.DelegatingSmartContextLoader', parent = [null]]].
2016-09-09 10:12:06,412 INFO org.springframework.context.support.GenericApplicationContext:957 - Closing org.springframework.context.support.GenericApplicationContext@1e4a7dd4: startup date [Fri Sep 09 10:12:05 CST 2016]; root of context hierarchy
2016-09-09 10:12:06,453 INFO com.alibaba.druid.pool.DruidDataSource:1385 - {dataSource-1} closed
2016-09-09 10:16:17,543 INFO org.springframework.test.context.support.DefaultTestContextBootstrapper:259 - Loaded default TestExecutionListener class names from location [META-INF/spring.factories]: [org.springframework.test.context.web.ServletTestExecutionListener, org.springframework.test.context.support.DirtiesContextBeforeModesTestExecutionListener, org.springframework.test.context.support.DependencyInjectionTestExecutionListener, org.springframework.test.context.support.DirtiesContextTestExecutionListener, org.springframework.test.context.transaction.TransactionalTestExecutionListener, org.springframework.test.context.jdbc.SqlScriptsTestExecutionListener]
2016-09-09 10:16:17,556 INFO org.springframework.test.context.support.DefaultTestContextBootstrapper:185 - Using TestExecutionListeners: [org.springframework.test.context.web.ServletTestExecutionListener@18bf3d14, org.springframework.test.context.support.DirtiesContextBeforeModesTestExecutionListener@4fb64261, org.springframework.test.context.support.DependencyInjectionTestExecutionListener@42607a4f, org.springframework.test.context.support.DirtiesContextTestExecutionListener@782663d3, org.springframework.test.context.transaction.TransactionalTestExecutionListener@1990a65e, org.springframework.test.context.jdbc.SqlScriptsTestExecutionListener@64485a47]
2016-09-09 10:16:17,629 INFO org.springframework.beans.factory.xml.XmlBeanDefinitionReader:317 - Loading XML bean definitions from class path resource [applicationContext-mysql-beetlsql.xml]
2016-09-09 10:16:17,777 INFO org.springframework.context.support.GenericApplicationContext:577 - Refreshing org.springframework.context.support.GenericApplicationContext@1cab0bfb: startup date [Fri Sep 09 10:16:17 CST 2016]; root of context hierarchy
2016-09-09 10:16:17,854 INFO org.springframework.context.support.PropertySourcesPlaceholderConfigurer:172 - Loading properties file from class path resource [mysql-application.properties]
2016-09-09 10:16:18,221 INFO com.alibaba.druid.pool.DruidDataSource:669 - {dataSource-1} inited
2016-09-09 10:16:18,467 INFO org.springframework.test.context.transaction.TransactionContext:101 - Began transaction (1) for test context [DefaultTestContext@3fed2870 testClass = KeysTest, testInstance = org.beetl.sql.test.mysql.KeysTest@77128536, testMethod = testInsert@KeysTest, testException = [null], mergedContextConfiguration = [MergedContextConfiguration@5170bcf4 testClass = KeysTest, locations = '{classpath:applicationContext-mysql-beetlsql.xml}', classes = '{}', contextInitializerClasses = '[]', activeProfiles = '{}', propertySourceLocations = '{}', propertySourceProperties = '{}', contextLoader = 'org.springframework.test.context.support.DelegatingSmartContextLoader', parent = [null]]]; transaction manager [org.springframework.jdbc.datasource.DataSourceTransactionManager@58326051]; rollback [true]
2016-09-09 10:16:19,488 INFO org.springframework.test.context.transaction.TransactionContext:136 - Rolled back transaction for test context [DefaultTestContext@3fed2870 testClass = KeysTest, testInstance = org.beetl.sql.test.mysql.KeysTest@77128536, testMethod = testInsert@KeysTest, testException = java.lang.RuntimeException: no value value.description in Variable Table, mergedContextConfiguration = [MergedContextConfiguration@5170bcf4 testClass = KeysTest, locations = '{classpath:applicationContext-mysql-beetlsql.xml}', classes = '{}', contextInitializerClasses = '[]', activeProfiles = '{}', propertySourceLocations = '{}', propertySourceProperties = '{}', contextLoader = 'org.springframework.test.context.support.DelegatingSmartContextLoader', parent = [null]]].
2016-09-09 10:16:19,507 INFO org.springframework.context.support.GenericApplicationContext:957 - Closing org.springframework.context.support.GenericApplicationContext@1cab0bfb: startup date [Fri Sep 09 10:16:17 CST 2016]; root of context hierarchy
2016-09-09 10:16:19,513 INFO com.alibaba.druid.pool.DruidDataSource:1385 - {dataSource-1} closed
2016-09-09 10:18:17,997 INFO org.springframework.test.context.support.DefaultTestContextBootstrapper:259 - Loaded default TestExecutionListener class names from location [META-INF/spring.factories]: [org.springframework.test.context.web.ServletTestExecutionListener, org.springframework.test.context.support.DirtiesContextBeforeModesTestExecutionListener, org.springframework.test.context.support.DependencyInjectionTestExecutionListener, org.springframework.test.context.support.DirtiesContextTestExecutionListener, org.springframework.test.context.transaction.TransactionalTestExecutionListener, org.springframework.test.context.jdbc.SqlScriptsTestExecutionListener]
2016-09-09 10:18:18,010 INFO org.springframework.test.context.support.DefaultTestContextBootstrapper:185 - Using TestExecutionListeners: [org.springframework.test.context.web.ServletTestExecutionListener@18bf3d14, org.springframework.test.context.support.DirtiesContextBeforeModesTestExecutionListener@4fb64261, org.springframework.test.context.support.DependencyInjectionTestExecutionListener@42607a4f, org.springframework.test.context.support.DirtiesContextTestExecutionListener@782663d3, org.springframework.test.context.transaction.TransactionalTestExecutionListener@1990a65e, org.springframework.test.context.jdbc.SqlScriptsTestExecutionListener@64485a47]
2016-09-09 10:18:18,086 INFO org.springframework.beans.factory.xml.XmlBeanDefinitionReader:317 - Loading XML bean definitions from class path resource [applicationContext-mysql-beetlsql.xml]
2016-09-09 10:18:18,231 INFO org.springframework.context.support.GenericApplicationContext:577 - Refreshing org.springframework.context.support.GenericApplicationContext@1cab0bfb: startup date [Fri Sep 09 10:18:18 CST 2016]; root of context hierarchy
2016-09-09 10:18:18,309 INFO org.springframework.context.support.PropertySourcesPlaceholderConfigurer:172 - Loading properties file from class path resource [mysql-application.properties]
2016-09-09 10:18:18,670 INFO com.alibaba.druid.pool.DruidDataSource:669 - {dataSource-1} inited
2016-09-09 10:18:18,890 INFO org.springframework.test.context.transaction.TransactionContext:101 - Began transaction (1) for test context [DefaultTestContext@3fed2870 testClass = KeysTest, testInstance = org.beetl.sql.test.mysql.KeysTest@77128536, testMethod = testInsert@KeysTest, testException = [null], mergedContextConfiguration = [MergedContextConfiguration@5170bcf4 testClass = KeysTest, locations = '{classpath:applicationContext-mysql-beetlsql.xml}', classes = '{}', contextInitializerClasses = '[]', activeProfiles = '{}', propertySourceLocations = '{}', propertySourceProperties = '{}', contextLoader = 'org.springframework.test.context.support.DelegatingSmartContextLoader', parent = [null]]]; transaction manager [org.springframework.jdbc.datasource.DataSourceTransactionManager@58326051]; rollback [true]
2016-09-09 10:18:19,600 INFO org.springframework.test.context.transaction.TransactionContext:136 - Rolled back transaction for test context [DefaultTestContext@3fed2870 testClass = KeysTest, testInstance = org.beetl.sql.test.mysql.KeysTest@77128536, testMethod = testInsert@KeysTest, testException = org.beetl.sql.core.BeetlSQLException: com.mysql.jdbc.MysqlDataTruncation: Data truncation: Truncated incorrect DOUBLE value: 'joelli', mergedContextConfiguration = [MergedContextConfiguration@5170bcf4 testClass = KeysTest, locations = '{classpath:applicationContext-mysql-beetlsql.xml}', classes = '{}', contextInitializerClasses = '[]', activeProfiles = '{}', propertySourceLocations = '{}', propertySourceProperties = '{}', contextLoader = 'org.springframework.test.context.support.DelegatingSmartContextLoader', parent = [null]]].
2016-09-09 10:18:19,605 INFO org.springframework.context.support.GenericApplicationContext:957 - Closing org.springframework.context.support.GenericApplicationContext@1cab0bfb: startup date [Fri Sep 09 10:18:18 CST 2016]; root of context hierarchy
2016-09-09 10:18:19,613 INFO com.alibaba.druid.pool.DruidDataSource:1385 - {dataSource-1} closed
2016-09-09 10:21:58,935 INFO org.springframework.test.context.support.DefaultTestContextBootstrapper:259 - Loaded default TestExecutionListener class names from location [META-INF/spring.factories]: [org.springframework.test.context.web.ServletTestExecutionListener, org.springframework.test.context.support.DirtiesContextBeforeModesTestExecutionListener, org.springframework.test.context.support.DependencyInjectionTestExecutionListener, org.springframework.test.context.support.DirtiesContextTestExecutionListener, org.springframework.test.context.transaction.TransactionalTestExecutionListener, org.springframework.test.context.jdbc.SqlScriptsTestExecutionListener]
2016-09-09 10:21:58,952 INFO org.springframework.test.context.support.DefaultTestContextBootstrapper:185 - Using TestExecutionListeners: [org.springframework.test.context.web.ServletTestExecutionListener@4ef37659, org.springframework.test.context.support.DirtiesContextBeforeModesTestExecutionListener@776b83cc, org.springframework.test.context.support.DependencyInjectionTestExecutionListener@37858383, org.springframework.test.context.support.DirtiesContextTestExecutionListener@4e268090, org.springframework.test.context.transaction.TransactionalTestExecutionListener@1bb266b3, org.springframework.test.context.jdbc.SqlScriptsTestExecutionListener@306cf3ea]
2016-09-09 10:21:59,053 INFO org.springframework.beans.factory.xml.XmlBeanDefinitionReader:317 - Loading XML bean definitions from class path resource [applicationContext-mysql-beetlsql.xml]
2016-09-09 10:21:59,220 INFO org.springframework.context.support.GenericApplicationContext:577 - Refreshing org.springframework.context.support.GenericApplicationContext@4be29ed9: startup date [Fri Sep 09 10:21:59 CST 2016]; root of context hierarchy
2016-09-09 10:21:59,317 INFO org.springframework.context.support.PropertySourcesPlaceholderConfigurer:172 - Loading properties file from class path resource [mysql-application.properties]
2016-09-09 10:21:59,730 INFO com.alibaba.druid.pool.DruidDataSource:669 - {dataSource-1} inited
2016-09-09 10:22:00,038 INFO org.springframework.test.context.transaction.TransactionContext:101 - Began transaction (1) for test context [DefaultTestContext@1869f114 testClass = KeysTest, testInstance = org.beetl.sql.test.mysql.KeysTest@488b50ec, testMethod = testInsert@KeysTest, testException = [null], mergedContextConfiguration = [MergedContextConfiguration@757f675c testClass = KeysTest, locations = '{classpath:applicationContext-mysql-beetlsql.xml}', classes = '{}', contextInitializerClasses = '[]', activeProfiles = '{}', propertySourceLocations = '{}', propertySourceProperties = '{}', contextLoader = 'org.springframework.test.context.support.DelegatingSmartContextLoader', parent = [null]]]; transaction manager [org.springframework.jdbc.datasource.DataSourceTransactionManager@18a645fd]; rollback [true]
2016-09-09 10:27:02,987 ERROR org.beetl.xlsunit.RowJPAInputHolder:161 - 保存数据出错,位置是XLSPoistion [file=user/keys.xlsx, sheet=update, line =7]
java.lang.RuntimeException:  查询数据MUTIPLE_KEYS 出错，在XLSPoistion [file=user/keys.xlsx, sheet=update, line =7]
	at org.beetl.xlsunit.RowOrmOutputHolder.fetchAndCompareOne(RowOrmOutputHolder.java:143) ~[classes/:na]
	at org.beetl.xlsunit.RowOutputHolder.addRow(RowOutputHolder.java:134) [classes/:na]
	at org.beetl.xlsunit.XLSSheetReader.readSheet(XLSSheetReader.java:93) [classes/:na]
	at org.beetl.xlsunit.XLSParser.test(XLSParser.java:122) [classes/:na]
	at org.beetl.sql.test.mysql.KeysTest.testInsert(KeysTest.java:42) [test-classes/:na]
	at sun.reflect.NativeMethodAccessorImpl.invoke0(Native Method) ~[na:1.8.0_73]
	at sun.reflect.NativeMethodAccessorImpl.invoke(NativeMethodAccessorImpl.java:62) ~[na:1.8.0_73]
	at sun.reflect.DelegatingMethodAccessorImpl.invoke(DelegatingMethodAccessorImpl.java:43) ~[na:1.8.0_73]
	at java.lang.reflect.Method.invoke(Method.java:497) ~[na:1.8.0_73]
	at org.junit.runners.model.FrameworkMethod$1.runReflectiveCall(FrameworkMethod.java:50) [junit-4.12.jar:4.12]
	at org.junit.internal.runners.model.ReflectiveCallable.run(ReflectiveCallable.java:12) [junit-4.12.jar:4.12]
	at org.junit.runners.model.FrameworkMethod.invokeExplosively(FrameworkMethod.java:47) [junit-4.12.jar:4.12]
	at org.junit.internal.runners.statements.InvokeMethod.evaluate(InvokeMethod.java:17) [junit-4.12.jar:4.12]
	at org.junit.internal.runners.statements.RunBefores.evaluate(RunBefores.java:26) [junit-4.12.jar:4.12]
	at org.springframework.test.context.junit4.statements.RunBeforeTestMethodCallbacks.evaluate(RunBeforeTestMethodCallbacks.java:75) [spring-test-4.2.3.RELEASE.jar:4.2.3.RELEASE]
	at org.springframework.test.context.junit4.statements.RunAfterTestMethodCallbacks.evaluate(RunAfterTestMethodCallbacks.java:86) [spring-test-4.2.3.RELEASE.jar:4.2.3.RELEASE]
	at org.springframework.test.context.junit4.statements.SpringRepeat.evaluate(SpringRepeat.java:84) [spring-test-4.2.3.RELEASE.jar:4.2.3.RELEASE]
	at org.junit.runners.ParentRunner.runLeaf(ParentRunner.java:325) [junit-4.12.jar:4.12]
	at org.springframework.test.context.junit4.SpringJUnit4ClassRunner.runChild(SpringJUnit4ClassRunner.java:254) [spring-test-4.2.3.RELEASE.jar:4.2.3.RELEASE]
	at org.springframework.test.context.junit4.SpringJUnit4ClassRunner.runChild(SpringJUnit4ClassRunner.java:89) [spring-test-4.2.3.RELEASE.jar:4.2.3.RELEASE]
	at org.junit.runners.ParentRunner$3.run(ParentRunner.java:290) [junit-4.12.jar:4.12]
	at org.junit.runners.ParentRunner$1.schedule(ParentRunner.java:71) [junit-4.12.jar:4.12]
	at org.junit.runners.ParentRunner.runChildren(ParentRunner.java:288) [junit-4.12.jar:4.12]
	at org.junit.runners.ParentRunner.access$000(ParentRunner.java:58) [junit-4.12.jar:4.12]
	at org.junit.runners.ParentRunner$2.evaluate(ParentRunner.java:268) [junit-4.12.jar:4.12]
	at org.junit.internal.runners.statements.RunBefores.evaluate(RunBefores.java:26) [junit-4.12.jar:4.12]
	at org.springframework.test.context.junit4.statements.RunBeforeTestClassCallbacks.evaluate(RunBeforeTestClassCallbacks.java:61) [spring-test-4.2.3.RELEASE.jar:4.2.3.RELEASE]
	at org.springframework.test.context.junit4.statements.RunAfterTestClassCallbacks.evaluate(RunAfterTestClassCallbacks.java:70) [spring-test-4.2.3.RELEASE.jar:4.2.3.RELEASE]
	at org.junit.runners.ParentRunner.run(ParentRunner.java:363) [junit-4.12.jar:4.12]
	at org.springframework.test.context.junit4.SpringJUnit4ClassRunner.run(SpringJUnit4ClassRunner.java:193) [spring-test-4.2.3.RELEASE.jar:4.2.3.RELEASE]
	at org.eclipse.jdt.internal.junit4.runner.JUnit4TestReference.run(JUnit4TestReference.java:86) [.cp/:na]
	at org.eclipse.jdt.internal.junit.runner.TestExecution.run(TestExecution.java:38) [.cp/:na]
	at org.eclipse.jdt.internal.junit.runner.RemoteTestRunner.runTests(RemoteTestRunner.java:459) [.cp/:na]
	at org.eclipse.jdt.internal.junit.runner.RemoteTestRunner.runTests(RemoteTestRunner.java:675) [.cp/:na]
	at org.eclipse.jdt.internal.junit.runner.RemoteTestRunner.run(RemoteTestRunner.java:382) [.cp/:na]
	at org.eclipse.jdt.internal.junit.runner.RemoteTestRunner.main(RemoteTestRunner.java:192) [.cp/:na]
Caused by: org.beetl.sql.core.BeetlSQLException: 无法设置复合主键:userName
	at org.beetl.sql.core.SQLScript.setIdsParas(SQLScript.java:750) ~[classes/:na]
	at org.beetl.sql.core.SQLScript.single(SQLScript.java:514) ~[classes/:na]
	at org.beetl.sql.core.SQLScript.unique(SQLScript.java:501) ~[classes/:na]
	at org.beetl.sql.core.SQLManager.unique(SQLManager.java:507) ~[classes/:na]
	at org.beetl.xlsunit.BeetlSQLDatabaseAccess.findById(BeetlSQLDatabaseAccess.java:34) ~[classes/:na]
	at org.beetl.xlsunit.RowOrmOutputHolder.fetchAndCompareOne(RowOrmOutputHolder.java:136) ~[classes/:na]
	... 35 common frames omitted
Caused by: java.lang.IllegalArgumentException: object is not an instance of declaring class
	at sun.reflect.NativeMethodAccessorImpl.invoke0(Native Method) ~[na:1.8.0_73]
	at sun.reflect.NativeMethodAccessorImpl.invoke(NativeMethodAccessorImpl.java:62) ~[na:1.8.0_73]
	at sun.reflect.DelegatingMethodAccessorImpl.invoke(DelegatingMethodAccessorImpl.java:43) ~[na:1.8.0_73]
	at java.lang.reflect.Method.invoke(Method.java:497) ~[na:1.8.0_73]
	at org.beetl.sql.core.SQLScript.setIdsParas(SQLScript.java:747) ~[classes/:na]
	... 40 common frames omitted
2016-09-09 10:27:03,048 INFO org.springframework.test.context.transaction.TransactionContext:136 - Rolled back transaction for test context [DefaultTestContext@1869f114 testClass = KeysTest, testInstance = org.beetl.sql.test.mysql.KeysTest@488b50ec, testMethod = testInsert@KeysTest, testException = java.lang.RuntimeException:  查询数据MUTIPLE_KEYS 出错，在XLSPoistion [file=user/keys.xlsx, sheet=update, line =7], mergedContextConfiguration = [MergedContextConfiguration@757f675c testClass = KeysTest, locations = '{classpath:applicationContext-mysql-beetlsql.xml}', classes = '{}', contextInitializerClasses = '[]', activeProfiles = '{}', propertySourceLocations = '{}', propertySourceProperties = '{}', contextLoader = 'org.springframework.test.context.support.DelegatingSmartContextLoader', parent = [null]]].
2016-09-09 10:27:03,052 INFO org.springframework.context.support.GenericApplicationContext:957 - Closing org.springframework.context.support.GenericApplicationContext@4be29ed9: startup date [Fri Sep 09 10:21:59 CST 2016]; root of context hierarchy
2016-09-09 10:27:03,063 INFO com.alibaba.druid.pool.DruidDataSource:1385 - {dataSource-1} closed
2016-09-09 10:28:33,884 INFO org.springframework.test.context.support.DefaultTestContextBootstrapper:259 - Loaded default TestExecutionListener class names from location [META-INF/spring.factories]: [org.springframework.test.context.web.ServletTestExecutionListener, org.springframework.test.context.support.DirtiesContextBeforeModesTestExecutionListener, org.springframework.test.context.support.DependencyInjectionTestExecutionListener, org.springframework.test.context.support.DirtiesContextTestExecutionListener, org.springframework.test.context.transaction.TransactionalTestExecutionListener, org.springframework.test.context.jdbc.SqlScriptsTestExecutionListener]
2016-09-09 10:28:33,900 INFO org.springframework.test.context.support.DefaultTestContextBootstrapper:185 - Using TestExecutionListeners: [org.springframework.test.context.web.ServletTestExecutionListener@4ef37659, org.springframework.test.context.support.DirtiesContextBeforeModesTestExecutionListener@776b83cc, org.springframework.test.context.support.DependencyInjectionTestExecutionListener@37858383, org.springframework.test.context.support.DirtiesContextTestExecutionListener@4e268090, org.springframework.test.context.transaction.TransactionalTestExecutionListener@1bb266b3, org.springframework.test.context.jdbc.SqlScriptsTestExecutionListener@306cf3ea]
2016-09-09 10:28:33,990 INFO org.springframework.beans.factory.xml.XmlBeanDefinitionReader:317 - Loading XML bean definitions from class path resource [applicationContext-mysql-beetlsql.xml]
2016-09-09 10:28:34,174 INFO org.springframework.context.support.GenericApplicationContext:577 - Refreshing org.springframework.context.support.GenericApplicationContext@4be29ed9: startup date [Fri Sep 09 10:28:34 CST 2016]; root of context hierarchy
2016-09-09 10:28:34,274 INFO org.springframework.context.support.PropertySourcesPlaceholderConfigurer:172 - Loading properties file from class path resource [mysql-application.properties]
2016-09-09 10:28:34,678 INFO com.alibaba.druid.pool.DruidDataSource:669 - {dataSource-1} inited
2016-09-09 10:28:34,997 INFO org.springframework.test.context.transaction.TransactionContext:101 - Began transaction (1) for test context [DefaultTestContext@6090f3ca testClass = KeysTest, testInstance = org.beetl.sql.test.mysql.KeysTest@37a64f9d, testMethod = testInsert@KeysTest, testException = [null], mergedContextConfiguration = [MergedContextConfiguration@757f675c testClass = KeysTest, locations = '{classpath:applicationContext-mysql-beetlsql.xml}', classes = '{}', contextInitializerClasses = '[]', activeProfiles = '{}', propertySourceLocations = '{}', propertySourceProperties = '{}', contextLoader = 'org.springframework.test.context.support.DelegatingSmartContextLoader', parent = [null]]]; transaction manager [org.springframework.jdbc.datasource.DataSourceTransactionManager@25b865b5]; rollback [true]
2016-09-09 10:29:35,596 INFO org.springframework.test.context.support.DefaultTestContextBootstrapper:259 - Loaded default TestExecutionListener class names from location [META-INF/spring.factories]: [org.springframework.test.context.web.ServletTestExecutionListener, org.springframework.test.context.support.DirtiesContextBeforeModesTestExecutionListener, org.springframework.test.context.support.DependencyInjectionTestExecutionListener, org.springframework.test.context.support.DirtiesContextTestExecutionListener, org.springframework.test.context.transaction.TransactionalTestExecutionListener, org.springframework.test.context.jdbc.SqlScriptsTestExecutionListener]
2016-09-09 10:29:35,610 INFO org.springframework.test.context.support.DefaultTestContextBootstrapper:185 - Using TestExecutionListeners: [org.springframework.test.context.web.ServletTestExecutionListener@18bf3d14, org.springframework.test.context.support.DirtiesContextBeforeModesTestExecutionListener@4fb64261, org.springframework.test.context.support.DependencyInjectionTestExecutionListener@42607a4f, org.springframework.test.context.support.DirtiesContextTestExecutionListener@782663d3, org.springframework.test.context.transaction.TransactionalTestExecutionListener@1990a65e, org.springframework.test.context.jdbc.SqlScriptsTestExecutionListener@64485a47]
2016-09-09 10:29:35,683 INFO org.springframework.beans.factory.xml.XmlBeanDefinitionReader:317 - Loading XML bean definitions from class path resource [applicationContext-mysql-beetlsql.xml]
2016-09-09 10:29:35,836 INFO org.springframework.context.support.GenericApplicationContext:577 - Refreshing org.springframework.context.support.GenericApplicationContext@1cab0bfb: startup date [Fri Sep 09 10:29:35 CST 2016]; root of context hierarchy
2016-09-09 10:29:35,912 INFO org.springframework.context.support.PropertySourcesPlaceholderConfigurer:172 - Loading properties file from class path resource [mysql-application.properties]
2016-09-09 10:29:36,287 INFO com.alibaba.druid.pool.DruidDataSource:669 - {dataSource-1} inited
2016-09-09 10:29:36,522 INFO org.springframework.test.context.transaction.TransactionContext:101 - Began transaction (1) for test context [DefaultTestContext@3fed2870 testClass = KeysTest, testInstance = org.beetl.sql.test.mysql.KeysTest@77128536, testMethod = testInsert@KeysTest, testException = [null], mergedContextConfiguration = [MergedContextConfiguration@5170bcf4 testClass = KeysTest, locations = '{classpath:applicationContext-mysql-beetlsql.xml}', classes = '{}', contextInitializerClasses = '[]', activeProfiles = '{}', propertySourceLocations = '{}', propertySourceProperties = '{}', contextLoader = 'org.springframework.test.context.support.DelegatingSmartContextLoader', parent = [null]]]; transaction manager [org.springframework.jdbc.datasource.DataSourceTransactionManager@58326051]; rollback [true]
2016-09-09 10:29:37,183 ERROR org.beetl.xlsunit.RowJPAInputHolder:161 - 保存数据出错,位置是XLSPoistion [file=user/keys.xlsx, sheet=update, line =7]
java.lang.RuntimeException:  查询数据MUTIPLE_KEYS 出错，在XLSPoistion [file=user/keys.xlsx, sheet=update, line =7]
	at org.beetl.xlsunit.RowOrmOutputHolder.fetchAndCompareOne(RowOrmOutputHolder.java:143) ~[classes/:na]
	at org.beetl.xlsunit.RowOutputHolder.addRow(RowOutputHolder.java:134) [classes/:na]
	at org.beetl.xlsunit.XLSSheetReader.readSheet(XLSSheetReader.java:93) [classes/:na]
	at org.beetl.xlsunit.XLSParser.test(XLSParser.java:122) [classes/:na]
	at org.beetl.sql.test.mysql.KeysTest.testInsert(KeysTest.java:42) [test-classes/:na]
	at sun.reflect.NativeMethodAccessorImpl.invoke0(Native Method) ~[na:1.8.0_73]
	at sun.reflect.NativeMethodAccessorImpl.invoke(NativeMethodAccessorImpl.java:62) ~[na:1.8.0_73]
	at sun.reflect.DelegatingMethodAccessorImpl.invoke(DelegatingMethodAccessorImpl.java:43) ~[na:1.8.0_73]
	at java.lang.reflect.Method.invoke(Method.java:497) ~[na:1.8.0_73]
	at org.junit.runners.model.FrameworkMethod$1.runReflectiveCall(FrameworkMethod.java:50) [junit-4.12.jar:4.12]
	at org.junit.internal.runners.model.ReflectiveCallable.run(ReflectiveCallable.java:12) [junit-4.12.jar:4.12]
	at org.junit.runners.model.FrameworkMethod.invokeExplosively(FrameworkMethod.java:47) [junit-4.12.jar:4.12]
	at org.junit.internal.runners.statements.InvokeMethod.evaluate(InvokeMethod.java:17) [junit-4.12.jar:4.12]
	at org.junit.internal.runners.statements.RunBefores.evaluate(RunBefores.java:26) [junit-4.12.jar:4.12]
	at org.springframework.test.context.junit4.statements.RunBeforeTestMethodCallbacks.evaluate(RunBeforeTestMethodCallbacks.java:75) [spring-test-4.2.3.RELEASE.jar:4.2.3.RELEASE]
	at org.springframework.test.context.junit4.statements.RunAfterTestMethodCallbacks.evaluate(RunAfterTestMethodCallbacks.java:86) [spring-test-4.2.3.RELEASE.jar:4.2.3.RELEASE]
	at org.springframework.test.context.junit4.statements.SpringRepeat.evaluate(SpringRepeat.java:84) [spring-test-4.2.3.RELEASE.jar:4.2.3.RELEASE]
	at org.junit.runners.ParentRunner.runLeaf(ParentRunner.java:325) [junit-4.12.jar:4.12]
	at org.springframework.test.context.junit4.SpringJUnit4ClassRunner.runChild(SpringJUnit4ClassRunner.java:254) [spring-test-4.2.3.RELEASE.jar:4.2.3.RELEASE]
	at org.springframework.test.context.junit4.SpringJUnit4ClassRunner.runChild(SpringJUnit4ClassRunner.java:89) [spring-test-4.2.3.RELEASE.jar:4.2.3.RELEASE]
	at org.junit.runners.ParentRunner$3.run(ParentRunner.java:290) [junit-4.12.jar:4.12]
	at org.junit.runners.ParentRunner$1.schedule(ParentRunner.java:71) [junit-4.12.jar:4.12]
	at org.junit.runners.ParentRunner.runChildren(ParentRunner.java:288) [junit-4.12.jar:4.12]
	at org.junit.runners.ParentRunner.access$000(ParentRunner.java:58) [junit-4.12.jar:4.12]
	at org.junit.runners.ParentRunner$2.evaluate(ParentRunner.java:268) [junit-4.12.jar:4.12]
	at org.junit.internal.runners.statements.RunBefores.evaluate(RunBefores.java:26) [junit-4.12.jar:4.12]
	at org.springframework.test.context.junit4.statements.RunBeforeTestClassCallbacks.evaluate(RunBeforeTestClassCallbacks.java:61) [spring-test-4.2.3.RELEASE.jar:4.2.3.RELEASE]
	at org.springframework.test.context.junit4.statements.RunAfterTestClassCallbacks.evaluate(RunAfterTestClassCallbacks.java:70) [spring-test-4.2.3.RELEASE.jar:4.2.3.RELEASE]
	at org.junit.runners.ParentRunner.run(ParentRunner.java:363) [junit-4.12.jar:4.12]
	at org.springframework.test.context.junit4.SpringJUnit4ClassRunner.run(SpringJUnit4ClassRunner.java:193) [spring-test-4.2.3.RELEASE.jar:4.2.3.RELEASE]
	at org.eclipse.jdt.internal.junit4.runner.JUnit4TestReference.run(JUnit4TestReference.java:86) [.cp/:na]
	at org.eclipse.jdt.internal.junit.runner.TestExecution.run(TestExecution.java:38) [.cp/:na]
	at org.eclipse.jdt.internal.junit.runner.RemoteTestRunner.runTests(RemoteTestRunner.java:459) [.cp/:na]
	at org.eclipse.jdt.internal.junit.runner.RemoteTestRunner.runTests(RemoteTestRunner.java:675) [.cp/:na]
	at org.eclipse.jdt.internal.junit.runner.RemoteTestRunner.run(RemoteTestRunner.java:382) [.cp/:na]
	at org.eclipse.jdt.internal.junit.runner.RemoteTestRunner.main(RemoteTestRunner.java:192) [.cp/:na]
Caused by: org.beetl.sql.core.BeetlSQLException: 无法设置复合主键:userName
	at org.beetl.sql.core.SQLScript.setIdsParas(SQLScript.java:750) ~[classes/:na]
	at org.beetl.sql.core.SQLScript.single(SQLScript.java:514) ~[classes/:na]
	at org.beetl.sql.core.SQLScript.unique(SQLScript.java:501) ~[classes/:na]
	at org.beetl.sql.core.SQLManager.unique(SQLManager.java:507) ~[classes/:na]
	at org.beetl.xlsunit.BeetlSQLDatabaseAccess.findById(BeetlSQLDatabaseAccess.java:34) ~[classes/:na]
	at org.beetl.xlsunit.RowOrmOutputHolder.fetchAndCompareOne(RowOrmOutputHolder.java:136) ~[classes/:na]
	... 35 common frames omitted
Caused by: java.lang.IllegalArgumentException: object is not an instance of declaring class
	at sun.reflect.NativeMethodAccessorImpl.invoke0(Native Method) ~[na:1.8.0_73]
	at sun.reflect.NativeMethodAccessorImpl.invoke(NativeMethodAccessorImpl.java:62) ~[na:1.8.0_73]
	at sun.reflect.DelegatingMethodAccessorImpl.invoke(DelegatingMethodAccessorImpl.java:43) ~[na:1.8.0_73]
	at java.lang.reflect.Method.invoke(Method.java:497) ~[na:1.8.0_73]
	at org.beetl.sql.core.SQLScript.setIdsParas(SQLScript.java:747) ~[classes/:na]
	... 40 common frames omitted
2016-09-09 10:29:37,343 INFO org.springframework.test.context.transaction.TransactionContext:136 - Rolled back transaction for test context [DefaultTestContext@3fed2870 testClass = KeysTest, testInstance = org.beetl.sql.test.mysql.KeysTest@77128536, testMethod = testInsert@KeysTest, testException = java.lang.RuntimeException:  查询数据MUTIPLE_KEYS 出错，在XLSPoistion [file=user/keys.xlsx, sheet=update, line =7], mergedContextConfiguration = [MergedContextConfiguration@5170bcf4 testClass = KeysTest, locations = '{classpath:applicationContext-mysql-beetlsql.xml}', classes = '{}', contextInitializerClasses = '[]', activeProfiles = '{}', propertySourceLocations = '{}', propertySourceProperties = '{}', contextLoader = 'org.springframework.test.context.support.DelegatingSmartContextLoader', parent = [null]]].
2016-09-09 10:29:37,347 INFO org.springframework.context.support.GenericApplicationContext:957 - Closing org.springframework.context.support.GenericApplicationContext@1cab0bfb: startup date [Fri Sep 09 10:29:35 CST 2016]; root of context hierarchy
2016-09-09 10:29:37,356 INFO com.alibaba.druid.pool.DruidDataSource:1385 - {dataSource-1} closed
2016-09-09 10:30:04,582 INFO org.springframework.test.context.support.DefaultTestContextBootstrapper:259 - Loaded default TestExecutionListener class names from location [META-INF/spring.factories]: [org.springframework.test.context.web.ServletTestExecutionListener, org.springframework.test.context.support.DirtiesContextBeforeModesTestExecutionListener, org.springframework.test.context.support.DependencyInjectionTestExecutionListener, org.springframework.test.context.support.DirtiesContextTestExecutionListener, org.springframework.test.context.transaction.TransactionalTestExecutionListener, org.springframework.test.context.jdbc.SqlScriptsTestExecutionListener]
2016-09-09 10:30:04,599 INFO org.springframework.test.context.support.DefaultTestContextBootstrapper:185 - Using TestExecutionListeners: [org.springframework.test.context.web.ServletTestExecutionListener@4ef37659, org.springframework.test.context.support.DirtiesContextBeforeModesTestExecutionListener@776b83cc, org.springframework.test.context.support.DependencyInjectionTestExecutionListener@37858383, org.springframework.test.context.support.DirtiesContextTestExecutionListener@4e268090, org.springframework.test.context.transaction.TransactionalTestExecutionListener@1bb266b3, org.springframework.test.context.jdbc.SqlScriptsTestExecutionListener@306cf3ea]
2016-09-09 10:30:04,689 INFO org.springframework.beans.factory.xml.XmlBeanDefinitionReader:317 - Loading XML bean definitions from class path resource [applicationContext-mysql-beetlsql.xml]
2016-09-09 10:30:04,852 INFO org.springframework.context.support.GenericApplicationContext:577 - Refreshing org.springframework.context.support.GenericApplicationContext@4be29ed9: startup date [Fri Sep 09 10:30:04 CST 2016]; root of context hierarchy
2016-09-09 10:30:04,945 INFO org.springframework.context.support.PropertySourcesPlaceholderConfigurer:172 - Loading properties file from class path resource [mysql-application.properties]
2016-09-09 10:30:05,378 INFO com.alibaba.druid.pool.DruidDataSource:669 - {dataSource-1} inited
2016-09-09 10:30:05,660 INFO org.springframework.test.context.transaction.TransactionContext:101 - Began transaction (1) for test context [DefaultTestContext@1869f114 testClass = KeysTest, testInstance = org.beetl.sql.test.mysql.KeysTest@488b50ec, testMethod = testInsert@KeysTest, testException = [null], mergedContextConfiguration = [MergedContextConfiguration@36074e47 testClass = KeysTest, locations = '{classpath:applicationContext-mysql-beetlsql.xml}', classes = '{}', contextInitializerClasses = '[]', activeProfiles = '{}', propertySourceLocations = '{}', propertySourceProperties = '{}', contextLoader = 'org.springframework.test.context.support.DelegatingSmartContextLoader', parent = [null]]]; transaction manager [org.springframework.jdbc.datasource.DataSourceTransactionManager@18a645fd]; rollback [true]
2016-09-09 10:32:04,937 INFO org.springframework.test.context.support.DefaultTestContextBootstrapper:259 - Loaded default TestExecutionListener class names from location [META-INF/spring.factories]: [org.springframework.test.context.web.ServletTestExecutionListener, org.springframework.test.context.support.DirtiesContextBeforeModesTestExecutionListener, org.springframework.test.context.support.DependencyInjectionTestExecutionListener, org.springframework.test.context.support.DirtiesContextTestExecutionListener, org.springframework.test.context.transaction.TransactionalTestExecutionListener, org.springframework.test.context.jdbc.SqlScriptsTestExecutionListener]
2016-09-09 10:32:04,955 INFO org.springframework.test.context.support.DefaultTestContextBootstrapper:185 - Using TestExecutionListeners: [org.springframework.test.context.web.ServletTestExecutionListener@4ef37659, org.springframework.test.context.support.DirtiesContextBeforeModesTestExecutionListener@776b83cc, org.springframework.test.context.support.DependencyInjectionTestExecutionListener@37858383, org.springframework.test.context.support.DirtiesContextTestExecutionListener@4e268090, org.springframework.test.context.transaction.TransactionalTestExecutionListener@1bb266b3, org.springframework.test.context.jdbc.SqlScriptsTestExecutionListener@306cf3ea]
2016-09-09 10:32:05,047 INFO org.springframework.beans.factory.xml.XmlBeanDefinitionReader:317 - Loading XML bean definitions from class path resource [applicationContext-mysql-beetlsql.xml]
2016-09-09 10:32:05,219 INFO org.springframework.context.support.GenericApplicationContext:577 - Refreshing org.springframework.context.support.GenericApplicationContext@4be29ed9: startup date [Fri Sep 09 10:32:05 CST 2016]; root of context hierarchy
2016-09-09 10:32:05,317 INFO org.springframework.context.support.PropertySourcesPlaceholderConfigurer:172 - Loading properties file from class path resource [mysql-application.properties]
2016-09-09 10:32:05,739 INFO com.alibaba.druid.pool.DruidDataSource:669 - {dataSource-1} inited
2016-09-09 10:32:06,024 INFO org.springframework.test.context.transaction.TransactionContext:101 - Began transaction (1) for test context [DefaultTestContext@1869f114 testClass = KeysTest, testInstance = org.beetl.sql.test.mysql.KeysTest@488b50ec, testMethod = testInsert@KeysTest, testException = [null], mergedContextConfiguration = [MergedContextConfiguration@757f675c testClass = KeysTest, locations = '{classpath:applicationContext-mysql-beetlsql.xml}', classes = '{}', contextInitializerClasses = '[]', activeProfiles = '{}', propertySourceLocations = '{}', propertySourceProperties = '{}', contextLoader = 'org.springframework.test.context.support.DelegatingSmartContextLoader', parent = [null]]]; transaction manager [org.springframework.jdbc.datasource.DataSourceTransactionManager@18a645fd]; rollback [true]
2016-09-09 10:34:59,453 INFO org.springframework.test.context.support.DefaultTestContextBootstrapper:259 - Loaded default TestExecutionListener class names from location [META-INF/spring.factories]: [org.springframework.test.context.web.ServletTestExecutionListener, org.springframework.test.context.support.DirtiesContextBeforeModesTestExecutionListener, org.springframework.test.context.support.DependencyInjectionTestExecutionListener, org.springframework.test.context.support.DirtiesContextTestExecutionListener, org.springframework.test.context.transaction.TransactionalTestExecutionListener, org.springframework.test.context.jdbc.SqlScriptsTestExecutionListener]
2016-09-09 10:34:59,469 INFO org.springframework.test.context.support.DefaultTestContextBootstrapper:185 - Using TestExecutionListeners: [org.springframework.test.context.web.ServletTestExecutionListener@4ef37659, org.springframework.test.context.support.DirtiesContextBeforeModesTestExecutionListener@776b83cc, org.springframework.test.context.support.DependencyInjectionTestExecutionListener@37858383, org.springframework.test.context.support.DirtiesContextTestExecutionListener@4e268090, org.springframework.test.context.transaction.TransactionalTestExecutionListener@1bb266b3, org.springframework.test.context.jdbc.SqlScriptsTestExecutionListener@306cf3ea]
2016-09-09 10:34:59,562 INFO org.springframework.beans.factory.xml.XmlBeanDefinitionReader:317 - Loading XML bean definitions from class path resource [applicationContext-mysql-beetlsql.xml]
2016-09-09 10:34:59,723 INFO org.springframework.context.support.GenericApplicationContext:577 - Refreshing org.springframework.context.support.GenericApplicationContext@4be29ed9: startup date [Fri Sep 09 10:34:59 CST 2016]; root of context hierarchy
2016-09-09 10:34:59,816 INFO org.springframework.context.support.PropertySourcesPlaceholderConfigurer:172 - Loading properties file from class path resource [mysql-application.properties]
2016-09-09 10:35:00,252 INFO com.alibaba.druid.pool.DruidDataSource:669 - {dataSource-1} inited
2016-09-09 10:35:00,537 INFO org.springframework.test.context.transaction.TransactionContext:101 - Began transaction (1) for test context [DefaultTestContext@59942b48 testClass = KeysTest, testInstance = org.beetl.sql.test.mysql.KeysTest@1869f114, testMethod = testInsert@KeysTest, testException = [null], mergedContextConfiguration = [MergedContextConfiguration@757f675c testClass = KeysTest, locations = '{classpath:applicationContext-mysql-beetlsql.xml}', classes = '{}', contextInitializerClasses = '[]', activeProfiles = '{}', propertySourceLocations = '{}', propertySourceProperties = '{}', contextLoader = 'org.springframework.test.context.support.DelegatingSmartContextLoader', parent = [null]]]; transaction manager [org.springframework.jdbc.datasource.DataSourceTransactionManager@488b50ec]; rollback [true]
2016-09-09 10:40:53,596 INFO org.springframework.test.context.support.DefaultTestContextBootstrapper:259 - Loaded default TestExecutionListener class names from location [META-INF/spring.factories]: [org.springframework.test.context.web.ServletTestExecutionListener, org.springframework.test.context.support.DirtiesContextBeforeModesTestExecutionListener, org.springframework.test.context.support.DependencyInjectionTestExecutionListener, org.springframework.test.context.support.DirtiesContextTestExecutionListener, org.springframework.test.context.transaction.TransactionalTestExecutionListener, org.springframework.test.context.jdbc.SqlScriptsTestExecutionListener]
2016-09-09 10:40:53,609 INFO org.springframework.test.context.support.DefaultTestContextBootstrapper:185 - Using TestExecutionListeners: [org.springframework.test.context.web.ServletTestExecutionListener@18bf3d14, org.springframework.test.context.support.DirtiesContextBeforeModesTestExecutionListener@4fb64261, org.springframework.test.context.support.DependencyInjectionTestExecutionListener@42607a4f, org.springframework.test.context.support.DirtiesContextTestExecutionListener@782663d3, org.springframework.test.context.transaction.TransactionalTestExecutionListener@1990a65e, org.springframework.test.context.jdbc.SqlScriptsTestExecutionListener@64485a47]
2016-09-09 10:40:53,684 INFO org.springframework.beans.factory.xml.XmlBeanDefinitionReader:317 - Loading XML bean definitions from class path resource [applicationContext-mysql-beetlsql.xml]
2016-09-09 10:40:53,834 INFO org.springframework.context.support.GenericApplicationContext:577 - Refreshing org.springframework.context.support.GenericApplicationContext@1cab0bfb: startup date [Fri Sep 09 10:40:53 CST 2016]; root of context hierarchy
2016-09-09 10:40:53,913 INFO org.springframework.context.support.PropertySourcesPlaceholderConfigurer:172 - Loading properties file from class path resource [mysql-application.properties]
2016-09-09 10:40:54,293 INFO com.alibaba.druid.pool.DruidDataSource:669 - {dataSource-1} inited
2016-09-09 10:40:54,544 INFO org.springframework.test.context.transaction.TransactionContext:101 - Began transaction (1) for test context [DefaultTestContext@3fed2870 testClass = KeysTest, testInstance = org.beetl.sql.test.mysql.KeysTest@77128536, testMethod = testInsert@KeysTest, testException = [null], mergedContextConfiguration = [MergedContextConfiguration@5170bcf4 testClass = KeysTest, locations = '{classpath:applicationContext-mysql-beetlsql.xml}', classes = '{}', contextInitializerClasses = '[]', activeProfiles = '{}', propertySourceLocations = '{}', propertySourceProperties = '{}', contextLoader = 'org.springframework.test.context.support.DelegatingSmartContextLoader', parent = [null]]]; transaction manager [org.springframework.jdbc.datasource.DataSourceTransactionManager@58326051]; rollback [true]
2016-09-09 10:40:55,160 ERROR org.beetl.xlsunit.RowOrmInputHolder:79 - 保存数据出错,位置是XLSPoistion [file=user/keys.xlsx, sheet=input, line =5]
java.lang.RuntimeException:  保存数据MUTIPLE_KEYS 出错，在XLSPoistion [file=user/keys.xlsx, sheet=input, line =5]
	at org.beetl.xlsunit.RowOrmInputHolder.saveDb(RowOrmInputHolder.java:53) ~[classes/:na]
	at org.beetl.xlsunit.RowInputHolder.addRow(RowInputHolder.java:94) [classes/:na]
	at org.beetl.xlsunit.XLSSheetReader.readSheet(XLSSheetReader.java:93) [classes/:na]
	at org.beetl.xlsunit.XLSParser.init(XLSParser.java:64) [classes/:na]
	at org.beetl.sql.test.mysql.KeysTest.testInsert(KeysTest.java:31) [test-classes/:na]
	at sun.reflect.NativeMethodAccessorImpl.invoke0(Native Method) ~[na:1.8.0_73]
	at sun.reflect.NativeMethodAccessorImpl.invoke(NativeMethodAccessorImpl.java:62) ~[na:1.8.0_73]
	at sun.reflect.DelegatingMethodAccessorImpl.invoke(DelegatingMethodAccessorImpl.java:43) ~[na:1.8.0_73]
	at java.lang.reflect.Method.invoke(Method.java:497) ~[na:1.8.0_73]
	at org.junit.runners.model.FrameworkMethod$1.runReflectiveCall(FrameworkMethod.java:50) [junit-4.12.jar:4.12]
	at org.junit.internal.runners.model.ReflectiveCallable.run(ReflectiveCallable.java:12) [junit-4.12.jar:4.12]
	at org.junit.runners.model.FrameworkMethod.invokeExplosively(FrameworkMethod.java:47) [junit-4.12.jar:4.12]
	at org.junit.internal.runners.statements.InvokeMethod.evaluate(InvokeMethod.java:17) [junit-4.12.jar:4.12]
	at org.junit.internal.runners.statements.RunBefores.evaluate(RunBefores.java:26) [junit-4.12.jar:4.12]
	at org.springframework.test.context.junit4.statements.RunBeforeTestMethodCallbacks.evaluate(RunBeforeTestMethodCallbacks.java:75) [spring-test-4.2.3.RELEASE.jar:4.2.3.RELEASE]
	at org.springframework.test.context.junit4.statements.RunAfterTestMethodCallbacks.evaluate(RunAfterTestMethodCallbacks.java:86) [spring-test-4.2.3.RELEASE.jar:4.2.3.RELEASE]
	at org.springframework.test.context.junit4.statements.SpringRepeat.evaluate(SpringRepeat.java:84) [spring-test-4.2.3.RELEASE.jar:4.2.3.RELEASE]
	at org.junit.runners.ParentRunner.runLeaf(ParentRunner.java:325) [junit-4.12.jar:4.12]
	at org.springframework.test.context.junit4.SpringJUnit4ClassRunner.runChild(SpringJUnit4ClassRunner.java:254) [spring-test-4.2.3.RELEASE.jar:4.2.3.RELEASE]
	at org.springframework.test.context.junit4.SpringJUnit4ClassRunner.runChild(SpringJUnit4ClassRunner.java:89) [spring-test-4.2.3.RELEASE.jar:4.2.3.RELEASE]
	at org.junit.runners.ParentRunner$3.run(ParentRunner.java:290) [junit-4.12.jar:4.12]
	at org.junit.runners.ParentRunner$1.schedule(ParentRunner.java:71) [junit-4.12.jar:4.12]
	at org.junit.runners.ParentRunner.runChildren(ParentRunner.java:288) [junit-4.12.jar:4.12]
	at org.junit.runners.ParentRunner.access$000(ParentRunner.java:58) [junit-4.12.jar:4.12]
	at org.junit.runners.ParentRunner$2.evaluate(ParentRunner.java:268) [junit-4.12.jar:4.12]
	at org.junit.internal.runners.statements.RunBefores.evaluate(RunBefores.java:26) [junit-4.12.jar:4.12]
	at org.springframework.test.context.junit4.statements.RunBeforeTestClassCallbacks.evaluate(RunBeforeTestClassCallbacks.java:61) [spring-test-4.2.3.RELEASE.jar:4.2.3.RELEASE]
	at org.springframework.test.context.junit4.statements.RunAfterTestClassCallbacks.evaluate(RunAfterTestClassCallbacks.java:70) [spring-test-4.2.3.RELEASE.jar:4.2.3.RELEASE]
	at org.junit.runners.ParentRunner.run(ParentRunner.java:363) [junit-4.12.jar:4.12]
	at org.springframework.test.context.junit4.SpringJUnit4ClassRunner.run(SpringJUnit4ClassRunner.java:193) [spring-test-4.2.3.RELEASE.jar:4.2.3.RELEASE]
	at org.eclipse.jdt.internal.junit4.runner.JUnit4TestReference.run(JUnit4TestReference.java:86) [.cp/:na]
	at org.eclipse.jdt.internal.junit.runner.TestExecution.run(TestExecution.java:38) [.cp/:na]
	at org.eclipse.jdt.internal.junit.runner.RemoteTestRunner.runTests(RemoteTestRunner.java:459) [.cp/:na]
	at org.eclipse.jdt.internal.junit.runner.RemoteTestRunner.runTests(RemoteTestRunner.java:675) [.cp/:na]
	at org.eclipse.jdt.internal.junit.runner.RemoteTestRunner.run(RemoteTestRunner.java:382) [.cp/:na]
	at org.eclipse.jdt.internal.junit.runner.RemoteTestRunner.main(RemoteTestRunner.java:192) [.cp/:na]
Caused by: org.beetl.sql.core.BeetlSQLException: com.mysql.jdbc.exceptions.MySQLIntegrityConstraintViolationException: Column 'user_name' cannot be null
	at org.beetl.sql.core.SQLScript.insert(SQLScript.java:193) ~[classes/:na]
	at org.beetl.sql.core.SQLManager.insert(SQLManager.java:772) ~[classes/:na]
	at org.beetl.sql.core.SQLManager.insert(SQLManager.java:719) ~[classes/:na]
	at org.beetl.xlsunit.BeetlSQLDatabaseAccess.save(BeetlSQLDatabaseAccess.java:27) ~[classes/:na]
	at org.beetl.xlsunit.RowOrmInputHolder.saveDb(RowOrmInputHolder.java:51) ~[classes/:na]
	... 35 common frames omitted
Caused by: com.mysql.jdbc.exceptions.MySQLIntegrityConstraintViolationException: Column 'user_name' cannot be null
	at com.mysql.jdbc.SQLError.createSQLException(SQLError.java:931) ~[mysql-connector-java-5.0.5.jar:na]
	at com.mysql.jdbc.MysqlIO.checkErrorPacket(MysqlIO.java:2941) ~[mysql-connector-java-5.0.5.jar:na]
	at com.mysql.jdbc.MysqlIO.sendCommand(MysqlIO.java:1623) ~[mysql-connector-java-5.0.5.jar:na]
	at com.mysql.jdbc.MysqlIO.sqlQueryDirect(MysqlIO.java:1715) ~[mysql-connector-java-5.0.5.jar:na]
	at com.mysql.jdbc.Connection.execSQL(Connection.java:3249) ~[mysql-connector-java-5.0.5.jar:na]
	at com.mysql.jdbc.PreparedStatement.executeInternal(PreparedStatement.java:1268) ~[mysql-connector-java-5.0.5.jar:na]
	at com.mysql.jdbc.PreparedStatement.executeUpdate(PreparedStatement.java:1541) ~[mysql-connector-java-5.0.5.jar:na]
	at com.mysql.jdbc.PreparedStatement.executeUpdate(PreparedStatement.java:1455) ~[mysql-connector-java-5.0.5.jar:na]
	at com.mysql.jdbc.PreparedStatement.executeUpdate(PreparedStatement.java:1440) ~[mysql-connector-java-5.0.5.jar:na]
	at com.alibaba.druid.filter.FilterChainImpl.preparedStatement_executeUpdate(FilterChainImpl.java:2723) ~[druid-1.0.15.jar:1.0.15]
	at com.alibaba.druid.filter.FilterAdapter.preparedStatement_executeUpdate(FilterAdapter.java:1069) ~[druid-1.0.15.jar:1.0.15]
	at com.alibaba.druid.filter.FilterEventAdapter.preparedStatement_executeUpdate(FilterEventAdapter.java:491) ~[druid-1.0.15.jar:1.0.15]
	at com.alibaba.druid.filter.FilterChainImpl.preparedStatement_executeUpdate(FilterChainImpl.java:2721) ~[druid-1.0.15.jar:1.0.15]
	at com.alibaba.druid.proxy.jdbc.PreparedStatementProxyImpl.executeUpdate(PreparedStatementProxyImpl.java:158) ~[druid-1.0.15.jar:1.0.15]
	at com.alibaba.druid.pool.DruidPooledPreparedStatement.executeUpdate(DruidPooledPreparedStatement.java:253) ~[druid-1.0.15.jar:1.0.15]
	at org.beetl.sql.core.SQLScript.insert(SQLScript.java:181) ~[classes/:na]
	... 39 common frames omitted
2016-09-09 10:40:55,163 INFO org.springframework.test.context.transaction.TransactionContext:136 - Rolled back transaction for test context [DefaultTestContext@3fed2870 testClass = KeysTest, testInstance = org.beetl.sql.test.mysql.KeysTest@77128536, testMethod = testInsert@KeysTest, testException = java.lang.RuntimeException:  保存数据MUTIPLE_KEYS 出错，在XLSPoistion [file=user/keys.xlsx, sheet=input, line =5], mergedContextConfiguration = [MergedContextConfiguration@5170bcf4 testClass = KeysTest, locations = '{classpath:applicationContext-mysql-beetlsql.xml}', classes = '{}', contextInitializerClasses = '[]', activeProfiles = '{}', propertySourceLocations = '{}', propertySourceProperties = '{}', contextLoader = 'org.springframework.test.context.support.DelegatingSmartContextLoader', parent = [null]]].
2016-09-09 10:40:55,169 INFO org.springframework.context.support.GenericApplicationContext:957 - Closing org.springframework.context.support.GenericApplicationContext@1cab0bfb: startup date [Fri Sep 09 10:40:53 CST 2016]; root of context hierarchy
2016-09-09 10:40:55,175 INFO com.alibaba.druid.pool.DruidDataSource:1385 - {dataSource-1} closed
2016-09-09 10:41:17,374 INFO org.springframework.test.context.support.DefaultTestContextBootstrapper:259 - Loaded default TestExecutionListener class names from location [META-INF/spring.factories]: [org.springframework.test.context.web.ServletTestExecutionListener, org.springframework.test.context.support.DirtiesContextBeforeModesTestExecutionListener, org.springframework.test.context.support.DependencyInjectionTestExecutionListener, org.springframework.test.context.support.DirtiesContextTestExecutionListener, org.springframework.test.context.transaction.TransactionalTestExecutionListener, org.springframework.test.context.jdbc.SqlScriptsTestExecutionListener]
2016-09-09 10:41:17,391 INFO org.springframework.test.context.support.DefaultTestContextBootstrapper:185 - Using TestExecutionListeners: [org.springframework.test.context.web.ServletTestExecutionListener@4ef37659, org.springframework.test.context.support.DirtiesContextBeforeModesTestExecutionListener@776b83cc, org.springframework.test.context.support.DependencyInjectionTestExecutionListener@37858383, org.springframework.test.context.support.DirtiesContextTestExecutionListener@4e268090, org.springframework.test.context.transaction.TransactionalTestExecutionListener@1bb266b3, org.springframework.test.context.jdbc.SqlScriptsTestExecutionListener@306cf3ea]
2016-09-09 10:41:17,485 INFO org.springframework.beans.factory.xml.XmlBeanDefinitionReader:317 - Loading XML bean definitions from class path resource [applicationContext-mysql-beetlsql.xml]
2016-09-09 10:41:17,657 INFO org.springframework.context.support.GenericApplicationContext:577 - Refreshing org.springframework.context.support.GenericApplicationContext@4be29ed9: startup date [Fri Sep 09 10:41:17 CST 2016]; root of context hierarchy
2016-09-09 10:41:17,755 INFO org.springframework.context.support.PropertySourcesPlaceholderConfigurer:172 - Loading properties file from class path resource [mysql-application.properties]
2016-09-09 10:41:18,184 INFO com.alibaba.druid.pool.DruidDataSource:669 - {dataSource-1} inited
2016-09-09 10:41:18,464 INFO org.springframework.test.context.transaction.TransactionContext:101 - Began transaction (1) for test context [DefaultTestContext@488b50ec testClass = KeysTest, testInstance = org.beetl.sql.test.mysql.KeysTest@18a645fd, testMethod = testInsert@KeysTest, testException = [null], mergedContextConfiguration = [MergedContextConfiguration@2617f816 testClass = KeysTest, locations = '{classpath:applicationContext-mysql-beetlsql.xml}', classes = '{}', contextInitializerClasses = '[]', activeProfiles = '{}', propertySourceLocations = '{}', propertySourceProperties = '{}', contextLoader = 'org.springframework.test.context.support.DelegatingSmartContextLoader', parent = [null]]]; transaction manager [org.springframework.jdbc.datasource.DataSourceTransactionManager@6090f3ca]; rollback [true]
2016-09-09 10:44:31,476 INFO org.springframework.test.context.support.DefaultTestContextBootstrapper:259 - Loaded default TestExecutionListener class names from location [META-INF/spring.factories]: [org.springframework.test.context.web.ServletTestExecutionListener, org.springframework.test.context.support.DirtiesContextBeforeModesTestExecutionListener, org.springframework.test.context.support.DependencyInjectionTestExecutionListener, org.springframework.test.context.support.DirtiesContextTestExecutionListener, org.springframework.test.context.transaction.TransactionalTestExecutionListener, org.springframework.test.context.jdbc.SqlScriptsTestExecutionListener]
2016-09-09 10:44:31,495 INFO org.springframework.test.context.support.DefaultTestContextBootstrapper:185 - Using TestExecutionListeners: [org.springframework.test.context.web.ServletTestExecutionListener@4ef37659, org.springframework.test.context.support.DirtiesContextBeforeModesTestExecutionListener@776b83cc, org.springframework.test.context.support.DependencyInjectionTestExecutionListener@37858383, org.springframework.test.context.support.DirtiesContextTestExecutionListener@4e268090, org.springframework.test.context.transaction.TransactionalTestExecutionListener@1bb266b3, org.springframework.test.context.jdbc.SqlScriptsTestExecutionListener@306cf3ea]
2016-09-09 10:44:31,587 INFO org.springframework.beans.factory.xml.XmlBeanDefinitionReader:317 - Loading XML bean definitions from class path resource [applicationContext-mysql-beetlsql.xml]
2016-09-09 10:44:31,766 INFO org.springframework.context.support.GenericApplicationContext:577 - Refreshing org.springframework.context.support.GenericApplicationContext@4be29ed9: startup date [Fri Sep 09 10:44:31 CST 2016]; root of context hierarchy
2016-09-09 10:44:31,870 INFO org.springframework.context.support.PropertySourcesPlaceholderConfigurer:172 - Loading properties file from class path resource [mysql-application.properties]
2016-09-09 10:44:32,317 INFO com.alibaba.druid.pool.DruidDataSource:669 - {dataSource-1} inited
2016-09-09 10:44:32,602 INFO org.springframework.test.context.transaction.TransactionContext:101 - Began transaction (1) for test context [DefaultTestContext@1869f114 testClass = KeysTest, testInstance = org.beetl.sql.test.mysql.KeysTest@488b50ec, testMethod = testInsert@KeysTest, testException = [null], mergedContextConfiguration = [MergedContextConfiguration@757f675c testClass = KeysTest, locations = '{classpath:applicationContext-mysql-beetlsql.xml}', classes = '{}', contextInitializerClasses = '[]', activeProfiles = '{}', propertySourceLocations = '{}', propertySourceProperties = '{}', contextLoader = 'org.springframework.test.context.support.DelegatingSmartContextLoader', parent = [null]]]; transaction manager [org.springframework.jdbc.datasource.DataSourceTransactionManager@18a645fd]; rollback [true]
2016-09-09 10:45:14,218 INFO org.springframework.test.context.transaction.TransactionContext:136 - Rolled back transaction for test context [DefaultTestContext@1869f114 testClass = KeysTest, testInstance = org.beetl.sql.test.mysql.KeysTest@488b50ec, testMethod = testInsert@KeysTest, testException = java.lang.AssertionError: 比较数据 出错，在XLSPoistion [file=user/keys.xlsx, sheet=update, line =7] 错误信息：CompareInfo [colName=description, expected=null, real=hello,abc], mergedContextConfiguration = [MergedContextConfiguration@757f675c testClass = KeysTest, locations = '{classpath:applicationContext-mysql-beetlsql.xml}', classes = '{}', contextInitializerClasses = '[]', activeProfiles = '{}', propertySourceLocations = '{}', propertySourceProperties = '{}', contextLoader = 'org.springframework.test.context.support.DelegatingSmartContextLoader', parent = [null]]].
2016-09-09 10:45:14,231 INFO org.springframework.context.support.GenericApplicationContext:957 - Closing org.springframework.context.support.GenericApplicationContext@4be29ed9: startup date [Fri Sep 09 10:44:31 CST 2016]; root of context hierarchy
2016-09-09 10:45:14,242 INFO com.alibaba.druid.pool.DruidDataSource:1385 - {dataSource-1} closed
2016-09-09 10:53:07,636 INFO org.springframework.test.context.support.DefaultTestContextBootstrapper:259 - Loaded default TestExecutionListener class names from location [META-INF/spring.factories]: [org.springframework.test.context.web.ServletTestExecutionListener, org.springframework.test.context.support.DirtiesContextBeforeModesTestExecutionListener, org.springframework.test.context.support.DependencyInjectionTestExecutionListener, org.springframework.test.context.support.DirtiesContextTestExecutionListener, org.springframework.test.context.transaction.TransactionalTestExecutionListener, org.springframework.test.context.jdbc.SqlScriptsTestExecutionListener]
2016-09-09 10:53:07,650 INFO org.springframework.test.context.support.DefaultTestContextBootstrapper:185 - Using TestExecutionListeners: [org.springframework.test.context.web.ServletTestExecutionListener@18bf3d14, org.springframework.test.context.support.DirtiesContextBeforeModesTestExecutionListener@4fb64261, org.springframework.test.context.support.DependencyInjectionTestExecutionListener@42607a4f, org.springframework.test.context.support.DirtiesContextTestExecutionListener@782663d3, org.springframework.test.context.transaction.TransactionalTestExecutionListener@1990a65e, org.springframework.test.context.jdbc.SqlScriptsTestExecutionListener@64485a47]
2016-09-09 10:53:07,724 INFO org.springframework.beans.factory.xml.XmlBeanDefinitionReader:317 - Loading XML bean definitions from class path resource [applicationContext-mysql-beetlsql.xml]
2016-09-09 10:53:07,871 INFO org.springframework.context.support.GenericApplicationContext:577 - Refreshing org.springframework.context.support.GenericApplicationContext@1cab0bfb: startup date [Fri Sep 09 10:53:07 CST 2016]; root of context hierarchy
2016-09-09 10:53:07,951 INFO org.springframework.context.support.PropertySourcesPlaceholderConfigurer:172 - Loading properties file from class path resource [mysql-application.properties]
2016-09-09 10:53:08,343 INFO com.alibaba.druid.pool.DruidDataSource:669 - {dataSource-1} inited
2016-09-09 10:53:08,732 INFO org.springframework.test.context.transaction.TransactionContext:101 - Began transaction (1) for test context [DefaultTestContext@58326051 testClass = KeysTest, testInstance = org.beetl.sql.test.mysql.KeysTest@32c4e8b2, testMethod = testDelete@KeysTest, testException = [null], mergedContextConfiguration = [MergedContextConfiguration@df6620a testClass = KeysTest, locations = '{classpath:applicationContext-mysql-beetlsql.xml}', classes = '{}', contextInitializerClasses = '[]', activeProfiles = '{}', propertySourceLocations = '{}', propertySourceProperties = '{}', contextLoader = 'org.springframework.test.context.support.DelegatingSmartContextLoader', parent = [null]]]; transaction manager [org.springframework.jdbc.datasource.DataSourceTransactionManager@64bce832]; rollback [true]
2016-09-09 10:53:09,425 INFO org.springframework.test.context.transaction.TransactionContext:136 - Rolled back transaction for test context [DefaultTestContext@58326051 testClass = KeysTest, testInstance = org.beetl.sql.test.mysql.KeysTest@32c4e8b2, testMethod = testDelete@KeysTest, testException = java.lang.RuntimeException: no value value.description in Variable Table, mergedContextConfiguration = [MergedContextConfiguration@df6620a testClass = KeysTest, locations = '{classpath:applicationContext-mysql-beetlsql.xml}', classes = '{}', contextInitializerClasses = '[]', activeProfiles = '{}', propertySourceLocations = '{}', propertySourceProperties = '{}', contextLoader = 'org.springframework.test.context.support.DelegatingSmartContextLoader', parent = [null]]].
2016-09-09 10:53:09,429 INFO org.springframework.context.support.GenericApplicationContext:957 - Closing org.springframework.context.support.GenericApplicationContext@1cab0bfb: startup date [Fri Sep 09 10:53:07 CST 2016]; root of context hierarchy
2016-09-09 10:53:09,435 INFO com.alibaba.druid.pool.DruidDataSource:1385 - {dataSource-1} closed
2016-09-09 10:53:27,595 INFO org.springframework.test.context.support.DefaultTestContextBootstrapper:259 - Loaded default TestExecutionListener class names from location [META-INF/spring.factories]: [org.springframework.test.context.web.ServletTestExecutionListener, org.springframework.test.context.support.DirtiesContextBeforeModesTestExecutionListener, org.springframework.test.context.support.DependencyInjectionTestExecutionListener, org.springframework.test.context.support.DirtiesContextTestExecutionListener, org.springframework.test.context.transaction.TransactionalTestExecutionListener, org.springframework.test.context.jdbc.SqlScriptsTestExecutionListener]
2016-09-09 10:53:27,608 INFO org.springframework.test.context.support.DefaultTestContextBootstrapper:185 - Using TestExecutionListeners: [org.springframework.test.context.web.ServletTestExecutionListener@18bf3d14, org.springframework.test.context.support.DirtiesContextBeforeModesTestExecutionListener@4fb64261, org.springframework.test.context.support.DependencyInjectionTestExecutionListener@42607a4f, org.springframework.test.context.support.DirtiesContextTestExecutionListener@782663d3, org.springframework.test.context.transaction.TransactionalTestExecutionListener@1990a65e, org.springframework.test.context.jdbc.SqlScriptsTestExecutionListener@64485a47]
2016-09-09 10:53:27,682 INFO org.springframework.beans.factory.xml.XmlBeanDefinitionReader:317 - Loading XML bean definitions from class path resource [applicationContext-mysql-beetlsql.xml]
2016-09-09 10:53:27,832 INFO org.springframework.context.support.GenericApplicationContext:577 - Refreshing org.springframework.context.support.GenericApplicationContext@1cab0bfb: startup date [Fri Sep 09 10:53:27 CST 2016]; root of context hierarchy
2016-09-09 10:53:27,908 INFO org.springframework.context.support.PropertySourcesPlaceholderConfigurer:172 - Loading properties file from class path resource [mysql-application.properties]
2016-09-09 10:53:28,299 INFO com.alibaba.druid.pool.DruidDataSource:669 - {dataSource-1} inited
2016-09-09 10:53:28,626 INFO org.springframework.test.context.transaction.TransactionContext:101 - Began transaction (1) for test context [DefaultTestContext@58326051 testClass = KeysTest, testInstance = org.beetl.sql.test.mysql.KeysTest@32c4e8b2, testMethod = testDelete@KeysTest, testException = [null], mergedContextConfiguration = [MergedContextConfiguration@df6620a testClass = KeysTest, locations = '{classpath:applicationContext-mysql-beetlsql.xml}', classes = '{}', contextInitializerClasses = '[]', activeProfiles = '{}', propertySourceLocations = '{}', propertySourceProperties = '{}', contextLoader = 'org.springframework.test.context.support.DelegatingSmartContextLoader', parent = [null]]]; transaction manager [org.springframework.jdbc.datasource.DataSourceTransactionManager@64bce832]; rollback [true]
2016-09-09 10:53:29,373 ERROR org.beetl.xlsunit.RowJPAInputHolder:168 - 保存数据出错,位置是XLSPoistion [file=user/keys.xlsx, sheet=delete, line =3]
java.lang.RuntimeException:  查询数据MUTIPLE_KEYS 出错，在XLSPoistion [file=user/keys.xlsx, sheet=delete, line =3]
	at org.beetl.xlsunit.RowOrmOutputHolder.fetchAndCompareOne(RowOrmOutputHolder.java:150) ~[classes/:na]
	at org.beetl.xlsunit.RowOutputHolder.addRow(RowOutputHolder.java:138) [classes/:na]
	at org.beetl.xlsunit.XLSSheetReader.readSheet(XLSSheetReader.java:93) [classes/:na]
	at org.beetl.xlsunit.XLSParser.test(XLSParser.java:122) [classes/:na]
	at org.beetl.sql.test.mysql.KeysTest.testDelete(KeysTest.java:60) [test-classes/:na]
	at sun.reflect.NativeMethodAccessorImpl.invoke0(Native Method) ~[na:1.8.0_73]
	at sun.reflect.NativeMethodAccessorImpl.invoke(NativeMethodAccessorImpl.java:62) ~[na:1.8.0_73]
	at sun.reflect.DelegatingMethodAccessorImpl.invoke(DelegatingMethodAccessorImpl.java:43) ~[na:1.8.0_73]
	at java.lang.reflect.Method.invoke(Method.java:497) ~[na:1.8.0_73]
	at org.junit.runners.model.FrameworkMethod$1.runReflectiveCall(FrameworkMethod.java:50) [junit-4.12.jar:4.12]
	at org.junit.internal.runners.model.ReflectiveCallable.run(ReflectiveCallable.java:12) [junit-4.12.jar:4.12]
	at org.junit.runners.model.FrameworkMethod.invokeExplosively(FrameworkMethod.java:47) [junit-4.12.jar:4.12]
	at org.junit.internal.runners.statements.InvokeMethod.evaluate(InvokeMethod.java:17) [junit-4.12.jar:4.12]
	at org.junit.internal.runners.statements.RunBefores.evaluate(RunBefores.java:26) [junit-4.12.jar:4.12]
	at org.springframework.test.context.junit4.statements.RunBeforeTestMethodCallbacks.evaluate(RunBeforeTestMethodCallbacks.java:75) [spring-test-4.2.3.RELEASE.jar:4.2.3.RELEASE]
	at org.springframework.test.context.junit4.statements.RunAfterTestMethodCallbacks.evaluate(RunAfterTestMethodCallbacks.java:86) [spring-test-4.2.3.RELEASE.jar:4.2.3.RELEASE]
	at org.springframework.test.context.junit4.statements.SpringRepeat.evaluate(SpringRepeat.java:84) [spring-test-4.2.3.RELEASE.jar:4.2.3.RELEASE]
	at org.junit.runners.ParentRunner.runLeaf(ParentRunner.java:325) [junit-4.12.jar:4.12]
	at org.springframework.test.context.junit4.SpringJUnit4ClassRunner.runChild(SpringJUnit4ClassRunner.java:254) [spring-test-4.2.3.RELEASE.jar:4.2.3.RELEASE]
	at org.springframework.test.context.junit4.SpringJUnit4ClassRunner.runChild(SpringJUnit4ClassRunner.java:89) [spring-test-4.2.3.RELEASE.jar:4.2.3.RELEASE]
	at org.junit.runners.ParentRunner$3.run(ParentRunner.java:290) [junit-4.12.jar:4.12]
	at org.junit.runners.ParentRunner$1.schedule(ParentRunner.java:71) [junit-4.12.jar:4.12]
	at org.junit.runners.ParentRunner.runChildren(ParentRunner.java:288) [junit-4.12.jar:4.12]
	at org.junit.runners.ParentRunner.access$000(ParentRunner.java:58) [junit-4.12.jar:4.12]
	at org.junit.runners.ParentRunner$2.evaluate(ParentRunner.java:268) [junit-4.12.jar:4.12]
	at org.junit.internal.runners.statements.RunBefores.evaluate(RunBefores.java:26) [junit-4.12.jar:4.12]
	at org.springframework.test.context.junit4.statements.RunBeforeTestClassCallbacks.evaluate(RunBeforeTestClassCallbacks.java:61) [spring-test-4.2.3.RELEASE.jar:4.2.3.RELEASE]
	at org.springframework.test.context.junit4.statements.RunAfterTestClassCallbacks.evaluate(RunAfterTestClassCallbacks.java:70) [spring-test-4.2.3.RELEASE.jar:4.2.3.RELEASE]
	at org.junit.runners.ParentRunner.run(ParentRunner.java:363) [junit-4.12.jar:4.12]
	at org.springframework.test.context.junit4.SpringJUnit4ClassRunner.run(SpringJUnit4ClassRunner.java:193) [spring-test-4.2.3.RELEASE.jar:4.2.3.RELEASE]
	at org.eclipse.jdt.internal.junit4.runner.JUnit4TestReference.run(JUnit4TestReference.java:86) [.cp/:na]
	at org.eclipse.jdt.internal.junit.runner.TestExecution.run(TestExecution.java:38) [.cp/:na]
	at org.eclipse.jdt.internal.junit.runner.RemoteTestRunner.runTests(RemoteTestRunner.java:459) [.cp/:na]
	at org.eclipse.jdt.internal.junit.runner.RemoteTestRunner.runTests(RemoteTestRunner.java:675) [.cp/:na]
	at org.eclipse.jdt.internal.junit.runner.RemoteTestRunner.run(RemoteTestRunner.java:382) [.cp/:na]
	at org.eclipse.jdt.internal.junit.runner.RemoteTestRunner.main(RemoteTestRunner.java:192) [.cp/:na]
Caused by: org.beetl.sql.core.BeetlSQLException: unique查询mutiple_keys,但数据库未找到结果集:主键是org.beetl.sql.test.mysql.entity.MutipleKeys@2e8ab815
	at org.beetl.sql.core.SQLScript.single(SQLScript.java:536) ~[classes/:na]
	at org.beetl.sql.core.SQLScript.unique(SQLScript.java:501) ~[classes/:na]
	at org.beetl.sql.core.SQLManager.unique(SQLManager.java:507) ~[classes/:na]
	at org.beetl.xlsunit.BeetlSQLDatabaseAccess.findById(BeetlSQLDatabaseAccess.java:34) ~[classes/:na]
	at org.beetl.xlsunit.RowOrmOutputHolder.fetchAndCompareOne(RowOrmOutputHolder.java:143) ~[classes/:na]
	... 35 common frames omitted
2016-09-09 10:53:29,416 INFO org.springframework.test.context.transaction.TransactionContext:136 - Rolled back transaction for test context [DefaultTestContext@58326051 testClass = KeysTest, testInstance = org.beetl.sql.test.mysql.KeysTest@32c4e8b2, testMethod = testDelete@KeysTest, testException = java.lang.RuntimeException:  查询数据MUTIPLE_KEYS 出错，在XLSPoistion [file=user/keys.xlsx, sheet=delete, line =3], mergedContextConfiguration = [MergedContextConfiguration@df6620a testClass = KeysTest, locations = '{classpath:applicationContext-mysql-beetlsql.xml}', classes = '{}', contextInitializerClasses = '[]', activeProfiles = '{}', propertySourceLocations = '{}', propertySourceProperties = '{}', contextLoader = 'org.springframework.test.context.support.DelegatingSmartContextLoader', parent = [null]]].
2016-09-09 10:53:29,421 INFO org.springframework.context.support.GenericApplicationContext:957 - Closing org.springframework.context.support.GenericApplicationContext@1cab0bfb: startup date [Fri Sep 09 10:53:27 CST 2016]; root of context hierarchy
2016-09-09 10:53:29,432 INFO com.alibaba.druid.pool.DruidDataSource:1385 - {dataSource-1} closed
2016-09-09 10:59:06,683 INFO org.springframework.test.context.support.DefaultTestContextBootstrapper:259 - Loaded default TestExecutionListener class names from location [META-INF/spring.factories]: [org.springframework.test.context.web.ServletTestExecutionListener, org.springframework.test.context.support.DirtiesContextBeforeModesTestExecutionListener, org.springframework.test.context.support.DependencyInjectionTestExecutionListener, org.springframework.test.context.support.DirtiesContextTestExecutionListener, org.springframework.test.context.transaction.TransactionalTestExecutionListener, org.springframework.test.context.jdbc.SqlScriptsTestExecutionListener]
2016-09-09 10:59:06,700 INFO org.springframework.test.context.support.DefaultTestContextBootstrapper:185 - Using TestExecutionListeners: [org.springframework.test.context.web.ServletTestExecutionListener@4ef37659, org.springframework.test.context.support.DirtiesContextBeforeModesTestExecutionListener@776b83cc, org.springframework.test.context.support.DependencyInjectionTestExecutionListener@37858383, org.springframework.test.context.support.DirtiesContextTestExecutionListener@4e268090, org.springframework.test.context.transaction.TransactionalTestExecutionListener@1bb266b3, org.springframework.test.context.jdbc.SqlScriptsTestExecutionListener@306cf3ea]
2016-09-09 10:59:06,800 INFO org.springframework.beans.factory.xml.XmlBeanDefinitionReader:317 - Loading XML bean definitions from class path resource [applicationContext-mysql-beetlsql.xml]
2016-09-09 10:59:06,972 INFO org.springframework.context.support.GenericApplicationContext:577 - Refreshing org.springframework.context.support.GenericApplicationContext@4be29ed9: startup date [Fri Sep 09 10:59:06 CST 2016]; root of context hierarchy
2016-09-09 10:59:07,067 INFO org.springframework.context.support.PropertySourcesPlaceholderConfigurer:172 - Loading properties file from class path resource [mysql-application.properties]
2016-09-09 10:59:07,533 INFO com.alibaba.druid.pool.DruidDataSource:669 - {dataSource-1} inited
2016-09-09 10:59:07,876 INFO org.springframework.test.context.transaction.TransactionContext:101 - Began transaction (1) for test context [DefaultTestContext@18a645fd testClass = KeysTest, testInstance = org.beetl.sql.test.mysql.KeysTest@6090f3ca, testMethod = testDelete@KeysTest, testException = [null], mergedContextConfiguration = [MergedContextConfiguration@7dcc91fd testClass = KeysTest, locations = '{classpath:applicationContext-mysql-beetlsql.xml}', classes = '{}', contextInitializerClasses = '[]', activeProfiles = '{}', propertySourceLocations = '{}', propertySourceProperties = '{}', contextLoader = 'org.springframework.test.context.support.DelegatingSmartContextLoader', parent = [null]]]; transaction manager [org.springframework.jdbc.datasource.DataSourceTransactionManager@37a64f9d]; rollback [true]
2016-09-09 10:59:41,187 INFO org.springframework.test.context.support.DefaultTestContextBootstrapper:259 - Loaded default TestExecutionListener class names from location [META-INF/spring.factories]: [org.springframework.test.context.web.ServletTestExecutionListener, org.springframework.test.context.support.DirtiesContextBeforeModesTestExecutionListener, org.springframework.test.context.support.DependencyInjectionTestExecutionListener, org.springframework.test.context.support.DirtiesContextTestExecutionListener, org.springframework.test.context.transaction.TransactionalTestExecutionListener, org.springframework.test.context.jdbc.SqlScriptsTestExecutionListener]
2016-09-09 10:59:41,205 INFO org.springframework.test.context.support.DefaultTestContextBootstrapper:185 - Using TestExecutionListeners: [org.springframework.test.context.web.ServletTestExecutionListener@4ef37659, org.springframework.test.context.support.DirtiesContextBeforeModesTestExecutionListener@776b83cc, org.springframework.test.context.support.DependencyInjectionTestExecutionListener@37858383, org.springframework.test.context.support.DirtiesContextTestExecutionListener@4e268090, org.springframework.test.context.transaction.TransactionalTestExecutionListener@1bb266b3, org.springframework.test.context.jdbc.SqlScriptsTestExecutionListener@306cf3ea]
2016-09-09 10:59:41,299 INFO org.springframework.beans.factory.xml.XmlBeanDefinitionReader:317 - Loading XML bean definitions from class path resource [applicationContext-mysql-beetlsql.xml]
2016-09-09 10:59:41,466 INFO org.springframework.context.support.GenericApplicationContext:577 - Refreshing org.springframework.context.support.GenericApplicationContext@4be29ed9: startup date [Fri Sep 09 10:59:41 CST 2016]; root of context hierarchy
2016-09-09 10:59:41,560 INFO org.springframework.context.support.PropertySourcesPlaceholderConfigurer:172 - Loading properties file from class path resource [mysql-application.properties]
2016-09-09 10:59:42,002 INFO com.alibaba.druid.pool.DruidDataSource:669 - {dataSource-1} inited
2016-09-09 10:59:42,331 INFO org.springframework.test.context.transaction.TransactionContext:101 - Began transaction (1) for test context [DefaultTestContext@5e3a39cd testClass = KeysTest, testInstance = org.beetl.sql.test.mysql.KeysTest@21f9277b, testMethod = testDelete@KeysTest, testException = [null], mergedContextConfiguration = [MergedContextConfiguration@607b2792 testClass = KeysTest, locations = '{classpath:applicationContext-mysql-beetlsql.xml}', classes = '{}', contextInitializerClasses = '[]', activeProfiles = '{}', propertySourceLocations = '{}', propertySourceProperties = '{}', contextLoader = 'org.springframework.test.context.support.DelegatingSmartContextLoader', parent = [null]]]; transaction manager [org.springframework.jdbc.datasource.DataSourceTransactionManager@201aa8c1]; rollback [true]
2016-09-09 10:59:50,588 ERROR org.beetl.xlsunit.RowJPAInputHolder:89 - 保存数据出错,位置是XLSPoistion [file=user/keys.xlsx, sheet=delete, line =1]
java.lang.RuntimeException:  查询数据MUTIPLE_KEYS 出错，在XLSPoistion [file=user/keys.xlsx, sheet=delete, line =1]
	at org.beetl.xlsunit.RowOrmOutputHolder.fetchAndCompareRecords(RowOrmOutputHolder.java:61) ~[classes/:na]
	at org.beetl.xlsunit.RowOutputHolder.runData(RowOutputHolder.java:154) [classes/:na]
	at org.beetl.xlsunit.XLSSheetReader.readSheet(XLSSheetReader.java:87) [classes/:na]
	at org.beetl.xlsunit.XLSParser.test(XLSParser.java:122) [classes/:na]
	at org.beetl.sql.test.mysql.KeysTest.testDelete(KeysTest.java:60) [test-classes/:na]
	at sun.reflect.NativeMethodAccessorImpl.invoke0(Native Method) ~[na:1.8.0_73]
	at sun.reflect.NativeMethodAccessorImpl.invoke(NativeMethodAccessorImpl.java:62) ~[na:1.8.0_73]
	at sun.reflect.DelegatingMethodAccessorImpl.invoke(DelegatingMethodAccessorImpl.java:43) ~[na:1.8.0_73]
	at java.lang.reflect.Method.invoke(Method.java:497) ~[na:1.8.0_73]
	at org.junit.runners.model.FrameworkMethod$1.runReflectiveCall(FrameworkMethod.java:50) [junit-4.12.jar:4.12]
	at org.junit.internal.runners.model.ReflectiveCallable.run(ReflectiveCallable.java:12) [junit-4.12.jar:4.12]
	at org.junit.runners.model.FrameworkMethod.invokeExplosively(FrameworkMethod.java:47) [junit-4.12.jar:4.12]
	at org.junit.internal.runners.statements.InvokeMethod.evaluate(InvokeMethod.java:17) [junit-4.12.jar:4.12]
	at org.junit.internal.runners.statements.RunBefores.evaluate(RunBefores.java:26) [junit-4.12.jar:4.12]
	at org.springframework.test.context.junit4.statements.RunBeforeTestMethodCallbacks.evaluate(RunBeforeTestMethodCallbacks.java:75) [spring-test-4.2.3.RELEASE.jar:4.2.3.RELEASE]
	at org.springframework.test.context.junit4.statements.RunAfterTestMethodCallbacks.evaluate(RunAfterTestMethodCallbacks.java:86) [spring-test-4.2.3.RELEASE.jar:4.2.3.RELEASE]
	at org.springframework.test.context.junit4.statements.SpringRepeat.evaluate(SpringRepeat.java:84) [spring-test-4.2.3.RELEASE.jar:4.2.3.RELEASE]
	at org.junit.runners.ParentRunner.runLeaf(ParentRunner.java:325) [junit-4.12.jar:4.12]
	at org.springframework.test.context.junit4.SpringJUnit4ClassRunner.runChild(SpringJUnit4ClassRunner.java:254) [spring-test-4.2.3.RELEASE.jar:4.2.3.RELEASE]
	at org.springframework.test.context.junit4.SpringJUnit4ClassRunner.runChild(SpringJUnit4ClassRunner.java:89) [spring-test-4.2.3.RELEASE.jar:4.2.3.RELEASE]
	at org.junit.runners.ParentRunner$3.run(ParentRunner.java:290) [junit-4.12.jar:4.12]
	at org.junit.runners.ParentRunner$1.schedule(ParentRunner.java:71) [junit-4.12.jar:4.12]
	at org.junit.runners.ParentRunner.runChildren(ParentRunner.java:288) [junit-4.12.jar:4.12]
	at org.junit.runners.ParentRunner.access$000(ParentRunner.java:58) [junit-4.12.jar:4.12]
	at org.junit.runners.ParentRunner$2.evaluate(ParentRunner.java:268) [junit-4.12.jar:4.12]
	at org.junit.internal.runners.statements.RunBefores.evaluate(RunBefores.java:26) [junit-4.12.jar:4.12]
	at org.springframework.test.context.junit4.statements.RunBeforeTestClassCallbacks.evaluate(RunBeforeTestClassCallbacks.java:61) [spring-test-4.2.3.RELEASE.jar:4.2.3.RELEASE]
	at org.springframework.test.context.junit4.statements.RunAfterTestClassCallbacks.evaluate(RunAfterTestClassCallbacks.java:70) [spring-test-4.2.3.RELEASE.jar:4.2.3.RELEASE]
	at org.junit.runners.ParentRunner.run(ParentRunner.java:363) [junit-4.12.jar:4.12]
	at org.springframework.test.context.junit4.SpringJUnit4ClassRunner.run(SpringJUnit4ClassRunner.java:193) [spring-test-4.2.3.RELEASE.jar:4.2.3.RELEASE]
	at org.eclipse.jdt.internal.junit4.runner.JUnit4TestReference.run(JUnit4TestReference.java:86) [.cp/:na]
	at org.eclipse.jdt.internal.junit.runner.TestExecution.run(TestExecution.java:38) [.cp/:na]
	at org.eclipse.jdt.internal.junit.runner.RemoteTestRunner.runTests(RemoteTestRunner.java:459) [.cp/:na]
	at org.eclipse.jdt.internal.junit.runner.RemoteTestRunner.runTests(RemoteTestRunner.java:675) [.cp/:na]
	at org.eclipse.jdt.internal.junit.runner.RemoteTestRunner.run(RemoteTestRunner.java:382) [.cp/:na]
	at org.eclipse.jdt.internal.junit.runner.RemoteTestRunner.main(RemoteTestRunner.java:192) [.cp/:na]
Caused by: org.beetl.sql.core.BeetlSQLException: com.mysql.jdbc.exceptions.MySQLSyntaxErrorException: You have an error in your SQL syntax; check the manual that corresponds to your MySQL server version for the right syntax to use near 'where 1=1' at line 1
	at org.beetl.sql.core.SQLScript.sqlReadySelect(SQLScript.java:603) ~[classes/:na]
	at org.beetl.sql.core.SQLManager.execute(SQLManager.java:1088) ~[classes/:na]
	at org.beetl.xlsunit.BeetlSQLDatabaseAccess.query(BeetlSQLDatabaseAccess.java:50) ~[classes/:na]
	at org.beetl.xlsunit.RowOrmOutputHolder.fetchAndCompareRecords(RowOrmOutputHolder.java:59) ~[classes/:na]
	... 35 common frames omitted
Caused by: com.mysql.jdbc.exceptions.MySQLSyntaxErrorException: You have an error in your SQL syntax; check the manual that corresponds to your MySQL server version for the right syntax to use near 'where 1=1' at line 1
	at com.mysql.jdbc.SQLError.createSQLException(SQLError.java:936) ~[mysql-connector-java-5.0.5.jar:na]
	at com.mysql.jdbc.MysqlIO.checkErrorPacket(MysqlIO.java:2941) ~[mysql-connector-java-5.0.5.jar:na]
	at com.mysql.jdbc.MysqlIO.sendCommand(MysqlIO.java:1623) ~[mysql-connector-java-5.0.5.jar:na]
	at com.mysql.jdbc.MysqlIO.sqlQueryDirect(MysqlIO.java:1715) ~[mysql-connector-java-5.0.5.jar:na]
	at com.mysql.jdbc.Connection.execSQL(Connection.java:3249) ~[mysql-connector-java-5.0.5.jar:na]
	at com.mysql.jdbc.PreparedStatement.executeInternal(PreparedStatement.java:1268) ~[mysql-connector-java-5.0.5.jar:na]
	at com.mysql.jdbc.PreparedStatement.executeQuery(PreparedStatement.java:1403) ~[mysql-connector-java-5.0.5.jar:na]
	at com.alibaba.druid.filter.FilterChainImpl.preparedStatement_executeQuery(FilterChainImpl.java:2714) ~[druid-1.0.15.jar:1.0.15]
	at com.alibaba.druid.filter.FilterEventAdapter.preparedStatement_executeQuery(FilterEventAdapter.java:465) ~[druid-1.0.15.jar:1.0.15]
	at com.alibaba.druid.filter.FilterChainImpl.preparedStatement_executeQuery(FilterChainImpl.java:2711) ~[druid-1.0.15.jar:1.0.15]
	at com.alibaba.druid.proxy.jdbc.PreparedStatementProxyImpl.executeQuery(PreparedStatementProxyImpl.java:145) ~[druid-1.0.15.jar:1.0.15]
	at com.alibaba.druid.pool.DruidPooledPreparedStatement.executeQuery(DruidPooledPreparedStatement.java:227) ~[druid-1.0.15.jar:1.0.15]
	at org.beetl.sql.core.SQLScript.sqlReadySelect(SQLScript.java:597) ~[classes/:na]
	... 38 common frames omitted
2016-09-09 10:59:50,629 INFO org.springframework.test.context.transaction.TransactionContext:136 - Rolled back transaction for test context [DefaultTestContext@5e3a39cd testClass = KeysTest, testInstance = org.beetl.sql.test.mysql.KeysTest@21f9277b, testMethod = testDelete@KeysTest, testException = java.lang.RuntimeException:  查询数据MUTIPLE_KEYS 出错，在XLSPoistion [file=user/keys.xlsx, sheet=delete, line =1], mergedContextConfiguration = [MergedContextConfiguration@607b2792 testClass = KeysTest, locations = '{classpath:applicationContext-mysql-beetlsql.xml}', classes = '{}', contextInitializerClasses = '[]', activeProfiles = '{}', propertySourceLocations = '{}', propertySourceProperties = '{}', contextLoader = 'org.springframework.test.context.support.DelegatingSmartContextLoader', parent = [null]]].
2016-09-09 10:59:50,645 INFO org.springframework.context.support.GenericApplicationContext:957 - Closing org.springframework.context.support.GenericApplicationContext@4be29ed9: startup date [Fri Sep 09 10:59:41 CST 2016]; root of context hierarchy
2016-09-09 10:59:50,659 INFO com.alibaba.druid.pool.DruidDataSource:1385 - {dataSource-1} closed
2016-09-09 11:01:58,736 INFO org.springframework.test.context.support.DefaultTestContextBootstrapper:259 - Loaded default TestExecutionListener class names from location [META-INF/spring.factories]: [org.springframework.test.context.web.ServletTestExecutionListener, org.springframework.test.context.support.DirtiesContextBeforeModesTestExecutionListener, org.springframework.test.context.support.DependencyInjectionTestExecutionListener, org.springframework.test.context.support.DirtiesContextTestExecutionListener, org.springframework.test.context.transaction.TransactionalTestExecutionListener, org.springframework.test.context.jdbc.SqlScriptsTestExecutionListener]
2016-09-09 11:01:58,750 INFO org.springframework.test.context.support.DefaultTestContextBootstrapper:185 - Using TestExecutionListeners: [org.springframework.test.context.web.ServletTestExecutionListener@18bf3d14, org.springframework.test.context.support.DirtiesContextBeforeModesTestExecutionListener@4fb64261, org.springframework.test.context.support.DependencyInjectionTestExecutionListener@42607a4f, org.springframework.test.context.support.DirtiesContextTestExecutionListener@782663d3, org.springframework.test.context.transaction.TransactionalTestExecutionListener@1990a65e, org.springframework.test.context.jdbc.SqlScriptsTestExecutionListener@64485a47]
2016-09-09 11:01:58,825 INFO org.springframework.beans.factory.xml.XmlBeanDefinitionReader:317 - Loading XML bean definitions from class path resource [applicationContext-mysql-beetlsql.xml]
2016-09-09 11:01:58,972 INFO org.springframework.context.support.GenericApplicationContext:577 - Refreshing org.springframework.context.support.GenericApplicationContext@1cab0bfb: startup date [Fri Sep 09 11:01:58 CST 2016]; root of context hierarchy
2016-09-09 11:01:59,051 INFO org.springframework.context.support.PropertySourcesPlaceholderConfigurer:172 - Loading properties file from class path resource [mysql-application.properties]
2016-09-09 11:01:59,433 INFO com.alibaba.druid.pool.DruidDataSource:669 - {dataSource-1} inited
2016-09-09 11:01:59,731 INFO org.springframework.test.context.transaction.TransactionContext:101 - Began transaction (1) for test context [DefaultTestContext@58326051 testClass = KeysTest, testInstance = org.beetl.sql.test.mysql.KeysTest@32c4e8b2, testMethod = testDelete@KeysTest, testException = [null], mergedContextConfiguration = [MergedContextConfiguration@df6620a testClass = KeysTest, locations = '{classpath:applicationContext-mysql-beetlsql.xml}', classes = '{}', contextInitializerClasses = '[]', activeProfiles = '{}', propertySourceLocations = '{}', propertySourceProperties = '{}', contextLoader = 'org.springframework.test.context.support.DelegatingSmartContextLoader', parent = [null]]]; transaction manager [org.springframework.jdbc.datasource.DataSourceTransactionManager@64bce832]; rollback [true]
2016-09-09 11:02:00,456 INFO org.springframework.test.context.transaction.TransactionContext:136 - Rolled back transaction for test context [DefaultTestContext@58326051 testClass = KeysTest, testInstance = org.beetl.sql.test.mysql.KeysTest@32c4e8b2, testMethod = testDelete@KeysTest, testException = java.lang.AssertionError: 比较数据 出错，在第1行，位于XLSPoistion [file=user/keys.xlsx, sheet=delete, line =1],错误信息：CompareInfo [colName=userName, expected=joelli, real=lucy], mergedContextConfiguration = [MergedContextConfiguration@df6620a testClass = KeysTest, locations = '{classpath:applicationContext-mysql-beetlsql.xml}', classes = '{}', contextInitializerClasses = '[]', activeProfiles = '{}', propertySourceLocations = '{}', propertySourceProperties = '{}', contextLoader = 'org.springframework.test.context.support.DelegatingSmartContextLoader', parent = [null]]].
2016-09-09 11:02:00,460 INFO org.springframework.context.support.GenericApplicationContext:957 - Closing org.springframework.context.support.GenericApplicationContext@1cab0bfb: startup date [Fri Sep 09 11:01:58 CST 2016]; root of context hierarchy
2016-09-09 11:02:00,466 INFO com.alibaba.druid.pool.DruidDataSource:1385 - {dataSource-1} closed
2016-09-09 11:12:50,353 INFO org.springframework.test.context.support.DefaultTestContextBootstrapper:259 - Loaded default TestExecutionListener class names from location [META-INF/spring.factories]: [org.springframework.test.context.web.ServletTestExecutionListener, org.springframework.test.context.support.DirtiesContextBeforeModesTestExecutionListener, org.springframework.test.context.support.DependencyInjectionTestExecutionListener, org.springframework.test.context.support.DirtiesContextTestExecutionListener, org.springframework.test.context.transaction.TransactionalTestExecutionListener, org.springframework.test.context.jdbc.SqlScriptsTestExecutionListener]
2016-09-09 11:12:50,367 INFO org.springframework.test.context.support.DefaultTestContextBootstrapper:185 - Using TestExecutionListeners: [org.springframework.test.context.web.ServletTestExecutionListener@4fb64261, org.springframework.test.context.support.DirtiesContextBeforeModesTestExecutionListener@42607a4f, org.springframework.test.context.support.DependencyInjectionTestExecutionListener@782663d3, org.springframework.test.context.support.DirtiesContextTestExecutionListener@1990a65e, org.springframework.test.context.transaction.TransactionalTestExecutionListener@64485a47, org.springframework.test.context.jdbc.SqlScriptsTestExecutionListener@25bbf683]
2016-09-09 11:12:50,370 INFO org.springframework.test.context.support.DefaultTestContextBootstrapper:259 - Loaded default TestExecutionListener class names from location [META-INF/spring.factories]: [org.springframework.test.context.web.ServletTestExecutionListener, org.springframework.test.context.support.DirtiesContextBeforeModesTestExecutionListener, org.springframework.test.context.support.DependencyInjectionTestExecutionListener, org.springframework.test.context.support.DirtiesContextTestExecutionListener, org.springframework.test.context.transaction.TransactionalTestExecutionListener, org.springframework.test.context.jdbc.SqlScriptsTestExecutionListener]
2016-09-09 11:12:50,370 INFO org.springframework.test.context.support.DefaultTestContextBootstrapper:185 - Using TestExecutionListeners: [org.springframework.test.context.web.ServletTestExecutionListener@704d6e83, org.springframework.test.context.support.DirtiesContextBeforeModesTestExecutionListener@43a0cee9, org.springframework.test.context.support.DependencyInjectionTestExecutionListener@eb21112, org.springframework.test.context.support.DirtiesContextTestExecutionListener@2eda0940, org.springframework.test.context.transaction.TransactionalTestExecutionListener@3578436e, org.springframework.test.context.jdbc.SqlScriptsTestExecutionListener@706a04ae]
2016-09-09 11:12:50,373 INFO org.springframework.test.context.support.DefaultTestContextBootstrapper:259 - Loaded default TestExecutionListener class names from location [META-INF/spring.factories]: [org.springframework.test.context.web.ServletTestExecutionListener, org.springframework.test.context.support.DirtiesContextBeforeModesTestExecutionListener, org.springframework.test.context.support.DependencyInjectionTestExecutionListener, org.springframework.test.context.support.DirtiesContextTestExecutionListener, org.springframework.test.context.transaction.TransactionalTestExecutionListener, org.springframework.test.context.jdbc.SqlScriptsTestExecutionListener]
2016-09-09 11:12:50,374 INFO org.springframework.test.context.support.DefaultTestContextBootstrapper:185 - Using TestExecutionListeners: [org.springframework.test.context.web.ServletTestExecutionListener@481a15ff, org.springframework.test.context.support.DirtiesContextBeforeModesTestExecutionListener@78186a70, org.springframework.test.context.support.DependencyInjectionTestExecutionListener@306279ee, org.springframework.test.context.support.DirtiesContextTestExecutionListener@545997b1, org.springframework.test.context.transaction.TransactionalTestExecutionListener@4cf4d528, org.springframework.test.context.jdbc.SqlScriptsTestExecutionListener@77846d2c]
2016-09-09 11:12:50,465 INFO org.springframework.beans.factory.xml.XmlBeanDefinitionReader:317 - Loading XML bean definitions from class path resource [applicationContext-mysql-beetlsql.xml]
2016-09-09 11:12:50,610 INFO org.springframework.context.support.GenericApplicationContext:577 - Refreshing org.springframework.context.support.GenericApplicationContext@77a57272: startup date [Fri Sep 09 11:12:50 CST 2016]; root of context hierarchy
2016-09-09 11:12:50,687 INFO org.springframework.context.support.PropertySourcesPlaceholderConfigurer:172 - Loading properties file from class path resource [mysql-application.properties]
2016-09-09 11:12:51,087 INFO com.alibaba.druid.pool.DruidDataSource:669 - {dataSource-1} inited
2016-09-09 11:12:51,411 INFO org.springframework.test.context.transaction.TransactionContext:101 - Began transaction (1) for test context [DefaultTestContext@7fb95505 testClass = GeneralUserTest, testInstance = org.beetl.sql.test.mysql.GeneralUserTest@58be6e8, testMethod = testAllQuery@GeneralUserTest, testException = [null], mergedContextConfiguration = [MergedContextConfiguration@727eb8cb testClass = GeneralUserTest, locations = '{classpath:applicationContext-mysql-beetlsql.xml}', classes = '{}', contextInitializerClasses = '[]', activeProfiles = '{}', propertySourceLocations = '{}', propertySourceProperties = '{}', contextLoader = 'org.springframework.test.context.support.DelegatingSmartContextLoader', parent = [null]]]; transaction manager [org.springframework.jdbc.datasource.DataSourceTransactionManager@7331196b]; rollback [true]
2016-09-09 11:13:08,208 INFO org.springframework.test.context.support.DefaultTestContextBootstrapper:259 - Loaded default TestExecutionListener class names from location [META-INF/spring.factories]: [org.springframework.test.context.web.ServletTestExecutionListener, org.springframework.test.context.support.DirtiesContextBeforeModesTestExecutionListener, org.springframework.test.context.support.DependencyInjectionTestExecutionListener, org.springframework.test.context.support.DirtiesContextTestExecutionListener, org.springframework.test.context.transaction.TransactionalTestExecutionListener, org.springframework.test.context.jdbc.SqlScriptsTestExecutionListener]
2016-09-09 11:13:08,221 INFO org.springframework.test.context.support.DefaultTestContextBootstrapper:185 - Using TestExecutionListeners: [org.springframework.test.context.web.ServletTestExecutionListener@4fb64261, org.springframework.test.context.support.DirtiesContextBeforeModesTestExecutionListener@42607a4f, org.springframework.test.context.support.DependencyInjectionTestExecutionListener@782663d3, org.springframework.test.context.support.DirtiesContextTestExecutionListener@1990a65e, org.springframework.test.context.transaction.TransactionalTestExecutionListener@64485a47, org.springframework.test.context.jdbc.SqlScriptsTestExecutionListener@25bbf683]
2016-09-09 11:13:08,224 INFO org.springframework.test.context.support.DefaultTestContextBootstrapper:259 - Loaded default TestExecutionListener class names from location [META-INF/spring.factories]: [org.springframework.test.context.web.ServletTestExecutionListener, org.springframework.test.context.support.DirtiesContextBeforeModesTestExecutionListener, org.springframework.test.context.support.DependencyInjectionTestExecutionListener, org.springframework.test.context.support.DirtiesContextTestExecutionListener, org.springframework.test.context.transaction.TransactionalTestExecutionListener, org.springframework.test.context.jdbc.SqlScriptsTestExecutionListener]
2016-09-09 11:13:08,224 INFO org.springframework.test.context.support.DefaultTestContextBootstrapper:185 - Using TestExecutionListeners: [org.springframework.test.context.web.ServletTestExecutionListener@704d6e83, org.springframework.test.context.support.DirtiesContextBeforeModesTestExecutionListener@43a0cee9, org.springframework.test.context.support.DependencyInjectionTestExecutionListener@eb21112, org.springframework.test.context.support.DirtiesContextTestExecutionListener@2eda0940, org.springframework.test.context.transaction.TransactionalTestExecutionListener@3578436e, org.springframework.test.context.jdbc.SqlScriptsTestExecutionListener@706a04ae]
2016-09-09 11:13:08,227 INFO org.springframework.test.context.support.DefaultTestContextBootstrapper:259 - Loaded default TestExecutionListener class names from location [META-INF/spring.factories]: [org.springframework.test.context.web.ServletTestExecutionListener, org.springframework.test.context.support.DirtiesContextBeforeModesTestExecutionListener, org.springframework.test.context.support.DependencyInjectionTestExecutionListener, org.springframework.test.context.support.DirtiesContextTestExecutionListener, org.springframework.test.context.transaction.TransactionalTestExecutionListener, org.springframework.test.context.jdbc.SqlScriptsTestExecutionListener]
2016-09-09 11:13:08,227 INFO org.springframework.test.context.support.DefaultTestContextBootstrapper:185 - Using TestExecutionListeners: [org.springframework.test.context.web.ServletTestExecutionListener@481a15ff, org.springframework.test.context.support.DirtiesContextBeforeModesTestExecutionListener@78186a70, org.springframework.test.context.support.DependencyInjectionTestExecutionListener@306279ee, org.springframework.test.context.support.DirtiesContextTestExecutionListener@545997b1, org.springframework.test.context.transaction.TransactionalTestExecutionListener@4cf4d528, org.springframework.test.context.jdbc.SqlScriptsTestExecutionListener@77846d2c]
2016-09-09 11:13:08,301 INFO org.springframework.beans.factory.xml.XmlBeanDefinitionReader:317 - Loading XML bean definitions from class path resource [applicationContext-mysql-beetlsql.xml]
2016-09-09 11:13:08,447 INFO org.springframework.context.support.GenericApplicationContext:577 - Refreshing org.springframework.context.support.GenericApplicationContext@77a57272: startup date [Fri Sep 09 11:13:08 CST 2016]; root of context hierarchy
2016-09-09 11:13:08,523 INFO org.springframework.context.support.PropertySourcesPlaceholderConfigurer:172 - Loading properties file from class path resource [mysql-application.properties]
2016-09-09 11:13:08,917 INFO com.alibaba.druid.pool.DruidDataSource:669 - {dataSource-1} inited
2016-09-09 11:13:09,231 INFO org.springframework.test.context.transaction.TransactionContext:101 - Began transaction (1) for test context [DefaultTestContext@7fb95505 testClass = GeneralUserTest, testInstance = org.beetl.sql.test.mysql.GeneralUserTest@58be6e8, testMethod = testAllQuery@GeneralUserTest, testException = [null], mergedContextConfiguration = [MergedContextConfiguration@727eb8cb testClass = GeneralUserTest, locations = '{classpath:applicationContext-mysql-beetlsql.xml}', classes = '{}', contextInitializerClasses = '[]', activeProfiles = '{}', propertySourceLocations = '{}', propertySourceProperties = '{}', contextLoader = 'org.springframework.test.context.support.DelegatingSmartContextLoader', parent = [null]]]; transaction manager [org.springframework.jdbc.datasource.DataSourceTransactionManager@7331196b]; rollback [true]
2016-09-09 11:13:10,115 INFO org.springframework.test.context.transaction.TransactionContext:136 - Rolled back transaction for test context [DefaultTestContext@7fb95505 testClass = GeneralUserTest, testInstance = org.beetl.sql.test.mysql.GeneralUserTest@58be6e8, testMethod = testAllQuery@GeneralUserTest, testException = [null], mergedContextConfiguration = [MergedContextConfiguration@727eb8cb testClass = GeneralUserTest, locations = '{classpath:applicationContext-mysql-beetlsql.xml}', classes = '{}', contextInitializerClasses = '[]', activeProfiles = '{}', propertySourceLocations = '{}', propertySourceProperties = '{}', contextLoader = 'org.springframework.test.context.support.DelegatingSmartContextLoader', parent = [null]]].
2016-09-09 11:13:10,120 INFO org.springframework.test.context.transaction.TransactionContext:101 - Began transaction (1) for test context [DefaultTestContext@7fb95505 testClass = GeneralUserTest, testInstance = org.beetl.sql.test.mysql.GeneralUserTest@6bc28a83, testMethod = testTail@GeneralUserTest, testException = [null], mergedContextConfiguration = [MergedContextConfiguration@727eb8cb testClass = GeneralUserTest, locations = '{classpath:applicationContext-mysql-beetlsql.xml}', classes = '{}', contextInitializerClasses = '[]', activeProfiles = '{}', propertySourceLocations = '{}', propertySourceProperties = '{}', contextLoader = 'org.springframework.test.context.support.DelegatingSmartContextLoader', parent = [null]]]; transaction manager [org.springframework.jdbc.datasource.DataSourceTransactionManager@7331196b]; rollback [true]
2016-09-09 11:13:10,273 INFO org.springframework.test.context.transaction.TransactionContext:136 - Rolled back transaction for test context [DefaultTestContext@7fb95505 testClass = GeneralUserTest, testInstance = org.beetl.sql.test.mysql.GeneralUserTest@6bc28a83, testMethod = testTail@GeneralUserTest, testException = [null], mergedContextConfiguration = [MergedContextConfiguration@727eb8cb testClass = GeneralUserTest, locations = '{classpath:applicationContext-mysql-beetlsql.xml}', classes = '{}', contextInitializerClasses = '[]', activeProfiles = '{}', propertySourceLocations = '{}', propertySourceProperties = '{}', contextLoader = 'org.springframework.test.context.support.DelegatingSmartContextLoader', parent = [null]]].
2016-09-09 11:13:10,275 INFO org.springframework.test.context.transaction.TransactionContext:101 - Began transaction (1) for test context [DefaultTestContext@7fb95505 testClass = GeneralUserTest, testInstance = org.beetl.sql.test.mysql.GeneralUserTest@62da83ed, testMethod = testPageQuery1@GeneralUserTest, testException = [null], mergedContextConfiguration = [MergedContextConfiguration@727eb8cb testClass = GeneralUserTest, locations = '{classpath:applicationContext-mysql-beetlsql.xml}', classes = '{}', contextInitializerClasses = '[]', activeProfiles = '{}', propertySourceLocations = '{}', propertySourceProperties = '{}', contextLoader = 'org.springframework.test.context.support.DelegatingSmartContextLoader', parent = [null]]]; transaction manager [org.springframework.jdbc.datasource.DataSourceTransactionManager@7331196b]; rollback [true]
2016-09-09 11:13:10,382 INFO org.springframework.test.context.transaction.TransactionContext:136 - Rolled back transaction for test context [DefaultTestContext@7fb95505 testClass = GeneralUserTest, testInstance = org.beetl.sql.test.mysql.GeneralUserTest@62da83ed, testMethod = testPageQuery1@GeneralUserTest, testException = [null], mergedContextConfiguration = [MergedContextConfiguration@727eb8cb testClass = GeneralUserTest, locations = '{classpath:applicationContext-mysql-beetlsql.xml}', classes = '{}', contextInitializerClasses = '[]', activeProfiles = '{}', propertySourceLocations = '{}', propertySourceProperties = '{}', contextLoader = 'org.springframework.test.context.support.DelegatingSmartContextLoader', parent = [null]]].
2016-09-09 11:13:10,383 INFO org.springframework.test.context.transaction.TransactionContext:101 - Began transaction (1) for test context [DefaultTestContext@7fb95505 testClass = GeneralUserTest, testInstance = org.beetl.sql.test.mysql.GeneralUserTest@33aa93c, testMethod = testPageQuery2@GeneralUserTest, testException = [null], mergedContextConfiguration = [MergedContextConfiguration@727eb8cb testClass = GeneralUserTest, locations = '{classpath:applicationContext-mysql-beetlsql.xml}', classes = '{}', contextInitializerClasses = '[]', activeProfiles = '{}', propertySourceLocations = '{}', propertySourceProperties = '{}', contextLoader = 'org.springframework.test.context.support.DelegatingSmartContextLoader', parent = [null]]]; transaction manager [org.springframework.jdbc.datasource.DataSourceTransactionManager@7331196b]; rollback [true]
2016-09-09 11:13:10,465 INFO org.springframework.test.context.transaction.TransactionContext:136 - Rolled back transaction for test context [DefaultTestContext@7fb95505 testClass = GeneralUserTest, testInstance = org.beetl.sql.test.mysql.GeneralUserTest@33aa93c, testMethod = testPageQuery2@GeneralUserTest, testException = [null], mergedContextConfiguration = [MergedContextConfiguration@727eb8cb testClass = GeneralUserTest, locations = '{classpath:applicationContext-mysql-beetlsql.xml}', classes = '{}', contextInitializerClasses = '[]', activeProfiles = '{}', propertySourceLocations = '{}', propertySourceProperties = '{}', contextLoader = 'org.springframework.test.context.support.DelegatingSmartContextLoader', parent = [null]]].
2016-09-09 11:13:10,467 INFO org.springframework.test.context.transaction.TransactionContext:101 - Began transaction (1) for test context [DefaultTestContext@7fb95505 testClass = GeneralUserTest, testInstance = org.beetl.sql.test.mysql.GeneralUserTest@6a1ebcff, testMethod = testPageQuery3@GeneralUserTest, testException = [null], mergedContextConfiguration = [MergedContextConfiguration@727eb8cb testClass = GeneralUserTest, locations = '{classpath:applicationContext-mysql-beetlsql.xml}', classes = '{}', contextInitializerClasses = '[]', activeProfiles = '{}', propertySourceLocations = '{}', propertySourceProperties = '{}', contextLoader = 'org.springframework.test.context.support.DelegatingSmartContextLoader', parent = [null]]]; transaction manager [org.springframework.jdbc.datasource.DataSourceTransactionManager@7331196b]; rollback [true]
2016-09-09 11:13:10,615 INFO org.springframework.test.context.transaction.TransactionContext:136 - Rolled back transaction for test context [DefaultTestContext@7fb95505 testClass = GeneralUserTest, testInstance = org.beetl.sql.test.mysql.GeneralUserTest@6a1ebcff, testMethod = testPageQuery3@GeneralUserTest, testException = [null], mergedContextConfiguration = [MergedContextConfiguration@727eb8cb testClass = GeneralUserTest, locations = '{classpath:applicationContext-mysql-beetlsql.xml}', classes = '{}', contextInitializerClasses = '[]', activeProfiles = '{}', propertySourceLocations = '{}', propertySourceProperties = '{}', contextLoader = 'org.springframework.test.context.support.DelegatingSmartContextLoader', parent = [null]]].
2016-09-09 11:13:10,621 INFO org.springframework.test.context.transaction.TransactionContext:101 - Began transaction (1) for test context [DefaultTestContext@7fb95505 testClass = GeneralUserTest, testInstance = org.beetl.sql.test.mysql.GeneralUserTest@aa5455e, testMethod = testPageQuery4@GeneralUserTest, testException = [null], mergedContextConfiguration = [MergedContextConfiguration@727eb8cb testClass = GeneralUserTest, locations = '{classpath:applicationContext-mysql-beetlsql.xml}', classes = '{}', contextInitializerClasses = '[]', activeProfiles = '{}', propertySourceLocations = '{}', propertySourceProperties = '{}', contextLoader = 'org.springframework.test.context.support.DelegatingSmartContextLoader', parent = [null]]]; transaction manager [org.springframework.jdbc.datasource.DataSourceTransactionManager@7331196b]; rollback [true]
2016-09-09 11:13:10,728 INFO org.springframework.test.context.transaction.TransactionContext:136 - Rolled back transaction for test context [DefaultTestContext@7fb95505 testClass = GeneralUserTest, testInstance = org.beetl.sql.test.mysql.GeneralUserTest@aa5455e, testMethod = testPageQuery4@GeneralUserTest, testException = [null], mergedContextConfiguration = [MergedContextConfiguration@727eb8cb testClass = GeneralUserTest, locations = '{classpath:applicationContext-mysql-beetlsql.xml}', classes = '{}', contextInitializerClasses = '[]', activeProfiles = '{}', propertySourceLocations = '{}', propertySourceProperties = '{}', contextLoader = 'org.springframework.test.context.support.DelegatingSmartContextLoader', parent = [null]]].
2016-09-09 11:13:10,729 INFO org.springframework.test.context.transaction.TransactionContext:101 - Began transaction (1) for test context [DefaultTestContext@7fb95505 testClass = GeneralUserTest, testInstance = org.beetl.sql.test.mysql.GeneralUserTest@2899a8db, testMethod = testDelete@GeneralUserTest, testException = [null], mergedContextConfiguration = [MergedContextConfiguration@727eb8cb testClass = GeneralUserTest, locations = '{classpath:applicationContext-mysql-beetlsql.xml}', classes = '{}', contextInitializerClasses = '[]', activeProfiles = '{}', propertySourceLocations = '{}', propertySourceProperties = '{}', contextLoader = 'org.springframework.test.context.support.DelegatingSmartContextLoader', parent = [null]]]; transaction manager [org.springframework.jdbc.datasource.DataSourceTransactionManager@7331196b]; rollback [true]
2016-09-09 11:13:10,798 INFO org.springframework.test.context.transaction.TransactionContext:136 - Rolled back transaction for test context [DefaultTestContext@7fb95505 testClass = GeneralUserTest, testInstance = org.beetl.sql.test.mysql.GeneralUserTest@2899a8db, testMethod = testDelete@GeneralUserTest, testException = [null], mergedContextConfiguration = [MergedContextConfiguration@727eb8cb testClass = GeneralUserTest, locations = '{classpath:applicationContext-mysql-beetlsql.xml}', classes = '{}', contextInitializerClasses = '[]', activeProfiles = '{}', propertySourceLocations = '{}', propertySourceProperties = '{}', contextLoader = 'org.springframework.test.context.support.DelegatingSmartContextLoader', parent = [null]]].
2016-09-09 11:13:10,800 INFO org.springframework.test.context.transaction.TransactionContext:101 - Began transaction (1) for test context [DefaultTestContext@7fb95505 testClass = GeneralUserTest, testInstance = org.beetl.sql.test.mysql.GeneralUserTest@2392212b, testMethod = testInsert@GeneralUserTest, testException = [null], mergedContextConfiguration = [MergedContextConfiguration@727eb8cb testClass = GeneralUserTest, locations = '{classpath:applicationContext-mysql-beetlsql.xml}', classes = '{}', contextInitializerClasses = '[]', activeProfiles = '{}', propertySourceLocations = '{}', propertySourceProperties = '{}', contextLoader = 'org.springframework.test.context.support.DelegatingSmartContextLoader', parent = [null]]]; transaction manager [org.springframework.jdbc.datasource.DataSourceTransactionManager@7331196b]; rollback [true]
2016-09-09 11:13:10,900 INFO org.springframework.test.context.transaction.TransactionContext:136 - Rolled back transaction for test context [DefaultTestContext@7fb95505 testClass = GeneralUserTest, testInstance = org.beetl.sql.test.mysql.GeneralUserTest@2392212b, testMethod = testInsert@GeneralUserTest, testException = [null], mergedContextConfiguration = [MergedContextConfiguration@727eb8cb testClass = GeneralUserTest, locations = '{classpath:applicationContext-mysql-beetlsql.xml}', classes = '{}', contextInitializerClasses = '[]', activeProfiles = '{}', propertySourceLocations = '{}', propertySourceProperties = '{}', contextLoader = 'org.springframework.test.context.support.DelegatingSmartContextLoader', parent = [null]]].
2016-09-09 11:13:10,902 INFO org.springframework.test.context.transaction.TransactionContext:101 - Began transaction (1) for test context [DefaultTestContext@7fb95505 testClass = GeneralUserTest, testInstance = org.beetl.sql.test.mysql.GeneralUserTest@1ea9f009, testMethod = testTemplateQuery@GeneralUserTest, testException = [null], mergedContextConfiguration = [MergedContextConfiguration@727eb8cb testClass = GeneralUserTest, locations = '{classpath:applicationContext-mysql-beetlsql.xml}', classes = '{}', contextInitializerClasses = '[]', activeProfiles = '{}', propertySourceLocations = '{}', propertySourceProperties = '{}', contextLoader = 'org.springframework.test.context.support.DelegatingSmartContextLoader', parent = [null]]]; transaction manager [org.springframework.jdbc.datasource.DataSourceTransactionManager@7331196b]; rollback [true]
2016-09-09 11:13:10,982 INFO org.springframework.test.context.transaction.TransactionContext:136 - Rolled back transaction for test context [DefaultTestContext@7fb95505 testClass = GeneralUserTest, testInstance = org.beetl.sql.test.mysql.GeneralUserTest@1ea9f009, testMethod = testTemplateQuery@GeneralUserTest, testException = [null], mergedContextConfiguration = [MergedContextConfiguration@727eb8cb testClass = GeneralUserTest, locations = '{classpath:applicationContext-mysql-beetlsql.xml}', classes = '{}', contextInitializerClasses = '[]', activeProfiles = '{}', propertySourceLocations = '{}', propertySourceProperties = '{}', contextLoader = 'org.springframework.test.context.support.DelegatingSmartContextLoader', parent = [null]]].
2016-09-09 11:13:10,984 INFO org.springframework.test.context.transaction.TransactionContext:101 - Began transaction (1) for test context [DefaultTestContext@7fb95505 testClass = GeneralUserTest, testInstance = org.beetl.sql.test.mysql.GeneralUserTest@2c0f7678, testMethod = testSingle@GeneralUserTest, testException = [null], mergedContextConfiguration = [MergedContextConfiguration@727eb8cb testClass = GeneralUserTest, locations = '{classpath:applicationContext-mysql-beetlsql.xml}', classes = '{}', contextInitializerClasses = '[]', activeProfiles = '{}', propertySourceLocations = '{}', propertySourceProperties = '{}', contextLoader = 'org.springframework.test.context.support.DelegatingSmartContextLoader', parent = [null]]]; transaction manager [org.springframework.jdbc.datasource.DataSourceTransactionManager@7331196b]; rollback [true]
2016-09-09 11:13:11,056 INFO org.springframework.test.context.transaction.TransactionContext:136 - Rolled back transaction for test context [DefaultTestContext@7fb95505 testClass = GeneralUserTest, testInstance = org.beetl.sql.test.mysql.GeneralUserTest@2c0f7678, testMethod = testSingle@GeneralUserTest, testException = [null], mergedContextConfiguration = [MergedContextConfiguration@727eb8cb testClass = GeneralUserTest, locations = '{classpath:applicationContext-mysql-beetlsql.xml}', classes = '{}', contextInitializerClasses = '[]', activeProfiles = '{}', propertySourceLocations = '{}', propertySourceProperties = '{}', contextLoader = 'org.springframework.test.context.support.DelegatingSmartContextLoader', parent = [null]]].
2016-09-09 11:13:11,059 INFO org.springframework.test.context.transaction.TransactionContext:101 - Began transaction (1) for test context [DefaultTestContext@7fb95505 testClass = GeneralUserTest, testInstance = org.beetl.sql.test.mysql.GeneralUserTest@5f574cc2, testMethod = testUnique@GeneralUserTest, testException = [null], mergedContextConfiguration = [MergedContextConfiguration@727eb8cb testClass = GeneralUserTest, locations = '{classpath:applicationContext-mysql-beetlsql.xml}', classes = '{}', contextInitializerClasses = '[]', activeProfiles = '{}', propertySourceLocations = '{}', propertySourceProperties = '{}', contextLoader = 'org.springframework.test.context.support.DelegatingSmartContextLoader', parent = [null]]]; transaction manager [org.springframework.jdbc.datasource.DataSourceTransactionManager@7331196b]; rollback [true]
2016-09-09 11:13:11,165 INFO org.springframework.test.context.transaction.TransactionContext:136 - Rolled back transaction for test context [DefaultTestContext@7fb95505 testClass = GeneralUserTest, testInstance = org.beetl.sql.test.mysql.GeneralUserTest@5f574cc2, testMethod = testUnique@GeneralUserTest, testException = [null], mergedContextConfiguration = [MergedContextConfiguration@727eb8cb testClass = GeneralUserTest, locations = '{classpath:applicationContext-mysql-beetlsql.xml}', classes = '{}', contextInitializerClasses = '[]', activeProfiles = '{}', propertySourceLocations = '{}', propertySourceProperties = '{}', contextLoader = 'org.springframework.test.context.support.DelegatingSmartContextLoader', parent = [null]]].
2016-09-09 11:13:11,168 INFO org.springframework.test.context.transaction.TransactionContext:101 - Began transaction (1) for test context [DefaultTestContext@7fb95505 testClass = GeneralUserTest, testInstance = org.beetl.sql.test.mysql.GeneralUserTest@7cf7aee, testMethod = testUpdate@GeneralUserTest, testException = [null], mergedContextConfiguration = [MergedContextConfiguration@727eb8cb testClass = GeneralUserTest, locations = '{classpath:applicationContext-mysql-beetlsql.xml}', classes = '{}', contextInitializerClasses = '[]', activeProfiles = '{}', propertySourceLocations = '{}', propertySourceProperties = '{}', contextLoader = 'org.springframework.test.context.support.DelegatingSmartContextLoader', parent = [null]]]; transaction manager [org.springframework.jdbc.datasource.DataSourceTransactionManager@7331196b]; rollback [true]
2016-09-09 11:13:11,248 INFO org.springframework.test.context.transaction.TransactionContext:136 - Rolled back transaction for test context [DefaultTestContext@7fb95505 testClass = GeneralUserTest, testInstance = org.beetl.sql.test.mysql.GeneralUserTest@7cf7aee, testMethod = testUpdate@GeneralUserTest, testException = [null], mergedContextConfiguration = [MergedContextConfiguration@727eb8cb testClass = GeneralUserTest, locations = '{classpath:applicationContext-mysql-beetlsql.xml}', classes = '{}', contextInitializerClasses = '[]', activeProfiles = '{}', propertySourceLocations = '{}', propertySourceProperties = '{}', contextLoader = 'org.springframework.test.context.support.DelegatingSmartContextLoader', parent = [null]]].
2016-09-09 11:13:11,250 INFO org.springframework.test.context.transaction.TransactionContext:101 - Began transaction (1) for test context [DefaultTestContext@7fb95505 testClass = GeneralUserTest, testInstance = org.beetl.sql.test.mysql.GeneralUserTest@7af707e0, testMethod = testEnv@BaseMySqlTest, testException = [null], mergedContextConfiguration = [MergedContextConfiguration@727eb8cb testClass = GeneralUserTest, locations = '{classpath:applicationContext-mysql-beetlsql.xml}', classes = '{}', contextInitializerClasses = '[]', activeProfiles = '{}', propertySourceLocations = '{}', propertySourceProperties = '{}', contextLoader = 'org.springframework.test.context.support.DelegatingSmartContextLoader', parent = [null]]]; transaction manager [org.springframework.jdbc.datasource.DataSourceTransactionManager@7331196b]; rollback [true]
2016-09-09 11:13:11,289 INFO org.springframework.test.context.transaction.TransactionContext:136 - Rolled back transaction for test context [DefaultTestContext@7fb95505 testClass = GeneralUserTest, testInstance = org.beetl.sql.test.mysql.GeneralUserTest@7af707e0, testMethod = testEnv@BaseMySqlTest, testException = [null], mergedContextConfiguration = [MergedContextConfiguration@727eb8cb testClass = GeneralUserTest, locations = '{classpath:applicationContext-mysql-beetlsql.xml}', classes = '{}', contextInitializerClasses = '[]', activeProfiles = '{}', propertySourceLocations = '{}', propertySourceProperties = '{}', contextLoader = 'org.springframework.test.context.support.DelegatingSmartContextLoader', parent = [null]]].
2016-09-09 11:13:11,299 INFO org.springframework.test.context.transaction.TransactionContext:101 - Began transaction (1) for test context [DefaultTestContext@c68a5f8 testClass = KeysTest, testInstance = org.beetl.sql.test.mysql.KeysTest@69c6161d, testMethod = testUpate@KeysTest, testException = [null], mergedContextConfiguration = [MergedContextConfiguration@5ec77191 testClass = KeysTest, locations = '{classpath:applicationContext-mysql-beetlsql.xml}', classes = '{}', contextInitializerClasses = '[]', activeProfiles = '{}', propertySourceLocations = '{}', propertySourceProperties = '{}', contextLoader = 'org.springframework.test.context.support.DelegatingSmartContextLoader', parent = [null]]]; transaction manager [org.springframework.jdbc.datasource.DataSourceTransactionManager@7331196b]; rollback [true]
2016-09-09 11:13:11,365 INFO org.springframework.test.context.transaction.TransactionContext:136 - Rolled back transaction for test context [DefaultTestContext@c68a5f8 testClass = KeysTest, testInstance = org.beetl.sql.test.mysql.KeysTest@69c6161d, testMethod = testUpate@KeysTest, testException = java.lang.AssertionError: 比较数据 出错，在XLSPoistion [file=user/keys.xlsx, sheet=update, line =7] 错误信息：CompareInfo [colName=description, expected=null, real=hello,abc], mergedContextConfiguration = [MergedContextConfiguration@5ec77191 testClass = KeysTest, locations = '{classpath:applicationContext-mysql-beetlsql.xml}', classes = '{}', contextInitializerClasses = '[]', activeProfiles = '{}', propertySourceLocations = '{}', propertySourceProperties = '{}', contextLoader = 'org.springframework.test.context.support.DelegatingSmartContextLoader', parent = [null]]].
2016-09-09 11:13:11,371 INFO org.springframework.test.context.transaction.TransactionContext:101 - Began transaction (1) for test context [DefaultTestContext@c68a5f8 testClass = KeysTest, testInstance = org.beetl.sql.test.mysql.KeysTest@591fd34d, testMethod = testDelete@KeysTest, testException = [null], mergedContextConfiguration = [MergedContextConfiguration@5ec77191 testClass = KeysTest, locations = '{classpath:applicationContext-mysql-beetlsql.xml}', classes = '{}', contextInitializerClasses = '[]', activeProfiles = '{}', propertySourceLocations = '{}', propertySourceProperties = '{}', contextLoader = 'org.springframework.test.context.support.DelegatingSmartContextLoader', parent = [null]]]; transaction manager [org.springframework.jdbc.datasource.DataSourceTransactionManager@7331196b]; rollback [true]
2016-09-09 11:13:11,440 INFO org.springframework.test.context.transaction.TransactionContext:136 - Rolled back transaction for test context [DefaultTestContext@c68a5f8 testClass = KeysTest, testInstance = org.beetl.sql.test.mysql.KeysTest@591fd34d, testMethod = testDelete@KeysTest, testException = [null], mergedContextConfiguration = [MergedContextConfiguration@5ec77191 testClass = KeysTest, locations = '{classpath:applicationContext-mysql-beetlsql.xml}', classes = '{}', contextInitializerClasses = '[]', activeProfiles = '{}', propertySourceLocations = '{}', propertySourceProperties = '{}', contextLoader = 'org.springframework.test.context.support.DelegatingSmartContextLoader', parent = [null]]].
2016-09-09 11:13:11,441 INFO org.springframework.test.context.transaction.TransactionContext:101 - Began transaction (1) for test context [DefaultTestContext@c68a5f8 testClass = KeysTest, testInstance = org.beetl.sql.test.mysql.KeysTest@74fef3f7, testMethod = testEnv@BaseMySqlTest, testException = [null], mergedContextConfiguration = [MergedContextConfiguration@5ec77191 testClass = KeysTest, locations = '{classpath:applicationContext-mysql-beetlsql.xml}', classes = '{}', contextInitializerClasses = '[]', activeProfiles = '{}', propertySourceLocations = '{}', propertySourceProperties = '{}', contextLoader = 'org.springframework.test.context.support.DelegatingSmartContextLoader', parent = [null]]]; transaction manager [org.springframework.jdbc.datasource.DataSourceTransactionManager@7331196b]; rollback [true]
2016-09-09 11:13:11,442 INFO org.springframework.test.context.transaction.TransactionContext:136 - Rolled back transaction for test context [DefaultTestContext@c68a5f8 testClass = KeysTest, testInstance = org.beetl.sql.test.mysql.KeysTest@74fef3f7, testMethod = testEnv@BaseMySqlTest, testException = [null], mergedContextConfiguration = [MergedContextConfiguration@5ec77191 testClass = KeysTest, locations = '{classpath:applicationContext-mysql-beetlsql.xml}', classes = '{}', contextInitializerClasses = '[]', activeProfiles = '{}', propertySourceLocations = '{}', propertySourceProperties = '{}', contextLoader = 'org.springframework.test.context.support.DelegatingSmartContextLoader', parent = [null]]].
2016-09-09 11:13:11,451 INFO org.springframework.test.context.transaction.TransactionContext:101 - Began transaction (1) for test context [DefaultTestContext@5bb8f9e2 testClass = InsertTest, testInstance = org.beetl.sql.test.mysql.InsertTest@6a933be2, testMethod = testAssign@InsertTest, testException = [null], mergedContextConfiguration = [MergedContextConfiguration@2a037324 testClass = InsertTest, locations = '{classpath:applicationContext-mysql-beetlsql.xml}', classes = '{}', contextInitializerClasses = '[]', activeProfiles = '{}', propertySourceLocations = '{}', propertySourceProperties = '{}', contextLoader = 'org.springframework.test.context.support.DelegatingSmartContextLoader', parent = [null]]]; transaction manager [org.springframework.jdbc.datasource.DataSourceTransactionManager@7331196b]; rollback [true]
2016-09-09 11:13:11,481 INFO org.springframework.test.context.transaction.TransactionContext:136 - Rolled back transaction for test context [DefaultTestContext@5bb8f9e2 testClass = InsertTest, testInstance = org.beetl.sql.test.mysql.InsertTest@6a933be2, testMethod = testAssign@InsertTest, testException = [null], mergedContextConfiguration = [MergedContextConfiguration@2a037324 testClass = InsertTest, locations = '{classpath:applicationContext-mysql-beetlsql.xml}', classes = '{}', contextInitializerClasses = '[]', activeProfiles = '{}', propertySourceLocations = '{}', propertySourceProperties = '{}', contextLoader = 'org.springframework.test.context.support.DelegatingSmartContextLoader', parent = [null]]].
2016-09-09 11:13:11,483 INFO org.springframework.test.context.transaction.TransactionContext:101 - Began transaction (1) for test context [DefaultTestContext@5bb8f9e2 testClass = InsertTest, testInstance = org.beetl.sql.test.mysql.InsertTest@30feffc, testMethod = testInsert@InsertTest, testException = [null], mergedContextConfiguration = [MergedContextConfiguration@2a037324 testClass = InsertTest, locations = '{classpath:applicationContext-mysql-beetlsql.xml}', classes = '{}', contextInitializerClasses = '[]', activeProfiles = '{}', propertySourceLocations = '{}', propertySourceProperties = '{}', contextLoader = 'org.springframework.test.context.support.DelegatingSmartContextLoader', parent = [null]]]; transaction manager [org.springframework.jdbc.datasource.DataSourceTransactionManager@7331196b]; rollback [true]
2016-09-09 11:13:11,548 INFO org.springframework.test.context.transaction.TransactionContext:136 - Rolled back transaction for test context [DefaultTestContext@5bb8f9e2 testClass = InsertTest, testInstance = org.beetl.sql.test.mysql.InsertTest@30feffc, testMethod = testInsert@InsertTest, testException = [null], mergedContextConfiguration = [MergedContextConfiguration@2a037324 testClass = InsertTest, locations = '{classpath:applicationContext-mysql-beetlsql.xml}', classes = '{}', contextInitializerClasses = '[]', activeProfiles = '{}', propertySourceLocations = '{}', propertySourceProperties = '{}', contextLoader = 'org.springframework.test.context.support.DelegatingSmartContextLoader', parent = [null]]].
2016-09-09 11:13:11,550 INFO org.springframework.test.context.transaction.TransactionContext:101 - Began transaction (1) for test context [DefaultTestContext@5bb8f9e2 testClass = InsertTest, testInstance = org.beetl.sql.test.mysql.InsertTest@378bd86d, testMethod = testEnv@BaseMySqlTest, testException = [null], mergedContextConfiguration = [MergedContextConfiguration@2a037324 testClass = InsertTest, locations = '{classpath:applicationContext-mysql-beetlsql.xml}', classes = '{}', contextInitializerClasses = '[]', activeProfiles = '{}', propertySourceLocations = '{}', propertySourceProperties = '{}', contextLoader = 'org.springframework.test.context.support.DelegatingSmartContextLoader', parent = [null]]]; transaction manager [org.springframework.jdbc.datasource.DataSourceTransactionManager@7331196b]; rollback [true]
2016-09-09 11:13:11,551 INFO org.springframework.test.context.transaction.TransactionContext:136 - Rolled back transaction for test context [DefaultTestContext@5bb8f9e2 testClass = InsertTest, testInstance = org.beetl.sql.test.mysql.InsertTest@378bd86d, testMethod = testEnv@BaseMySqlTest, testException = [null], mergedContextConfiguration = [MergedContextConfiguration@2a037324 testClass = InsertTest, locations = '{classpath:applicationContext-mysql-beetlsql.xml}', classes = '{}', contextInitializerClasses = '[]', activeProfiles = '{}', propertySourceLocations = '{}', propertySourceProperties = '{}', contextLoader = 'org.springframework.test.context.support.DelegatingSmartContextLoader', parent = [null]]].
2016-09-09 11:13:11,556 INFO org.springframework.context.support.GenericApplicationContext:957 - Closing org.springframework.context.support.GenericApplicationContext@77a57272: startup date [Fri Sep 09 11:13:08 CST 2016]; root of context hierarchy
2016-09-09 11:13:11,565 INFO com.alibaba.druid.pool.DruidDataSource:1385 - {dataSource-1} closed
2016-09-09 11:14:03,186 INFO org.springframework.test.context.support.DefaultTestContextBootstrapper:259 - Loaded default TestExecutionListener class names from location [META-INF/spring.factories]: [org.springframework.test.context.web.ServletTestExecutionListener, org.springframework.test.context.support.DirtiesContextBeforeModesTestExecutionListener, org.springframework.test.context.support.DependencyInjectionTestExecutionListener, org.springframework.test.context.support.DirtiesContextTestExecutionListener, org.springframework.test.context.transaction.TransactionalTestExecutionListener, org.springframework.test.context.jdbc.SqlScriptsTestExecutionListener]
2016-09-09 11:14:03,200 INFO org.springframework.test.context.support.DefaultTestContextBootstrapper:185 - Using TestExecutionListeners: [org.springframework.test.context.web.ServletTestExecutionListener@4fb64261, org.springframework.test.context.support.DirtiesContextBeforeModesTestExecutionListener@42607a4f, org.springframework.test.context.support.DependencyInjectionTestExecutionListener@782663d3, org.springframework.test.context.support.DirtiesContextTestExecutionListener@1990a65e, org.springframework.test.context.transaction.TransactionalTestExecutionListener@64485a47, org.springframework.test.context.jdbc.SqlScriptsTestExecutionListener@25bbf683]
2016-09-09 11:14:03,202 INFO org.springframework.test.context.support.DefaultTestContextBootstrapper:259 - Loaded default TestExecutionListener class names from location [META-INF/spring.factories]: [org.springframework.test.context.web.ServletTestExecutionListener, org.springframework.test.context.support.DirtiesContextBeforeModesTestExecutionListener, org.springframework.test.context.support.DependencyInjectionTestExecutionListener, org.springframework.test.context.support.DirtiesContextTestExecutionListener, org.springframework.test.context.transaction.TransactionalTestExecutionListener, org.springframework.test.context.jdbc.SqlScriptsTestExecutionListener]
2016-09-09 11:14:03,203 INFO org.springframework.test.context.support.DefaultTestContextBootstrapper:185 - Using TestExecutionListeners: [org.springframework.test.context.web.ServletTestExecutionListener@704d6e83, org.springframework.test.context.support.DirtiesContextBeforeModesTestExecutionListener@43a0cee9, org.springframework.test.context.support.DependencyInjectionTestExecutionListener@eb21112, org.springframework.test.context.support.DirtiesContextTestExecutionListener@2eda0940, org.springframework.test.context.transaction.TransactionalTestExecutionListener@3578436e, org.springframework.test.context.jdbc.SqlScriptsTestExecutionListener@706a04ae]
2016-09-09 11:14:03,205 INFO org.springframework.test.context.support.DefaultTestContextBootstrapper:259 - Loaded default TestExecutionListener class names from location [META-INF/spring.factories]: [org.springframework.test.context.web.ServletTestExecutionListener, org.springframework.test.context.support.DirtiesContextBeforeModesTestExecutionListener, org.springframework.test.context.support.DependencyInjectionTestExecutionListener, org.springframework.test.context.support.DirtiesContextTestExecutionListener, org.springframework.test.context.transaction.TransactionalTestExecutionListener, org.springframework.test.context.jdbc.SqlScriptsTestExecutionListener]
2016-09-09 11:14:03,206 INFO org.springframework.test.context.support.DefaultTestContextBootstrapper:185 - Using TestExecutionListeners: [org.springframework.test.context.web.ServletTestExecutionListener@481a15ff, org.springframework.test.context.support.DirtiesContextBeforeModesTestExecutionListener@78186a70, org.springframework.test.context.support.DependencyInjectionTestExecutionListener@306279ee, org.springframework.test.context.support.DirtiesContextTestExecutionListener@545997b1, org.springframework.test.context.transaction.TransactionalTestExecutionListener@4cf4d528, org.springframework.test.context.jdbc.SqlScriptsTestExecutionListener@77846d2c]
2016-09-09 11:14:03,279 INFO org.springframework.beans.factory.xml.XmlBeanDefinitionReader:317 - Loading XML bean definitions from class path resource [applicationContext-mysql-beetlsql.xml]
2016-09-09 11:14:03,429 INFO org.springframework.context.support.GenericApplicationContext:577 - Refreshing org.springframework.context.support.GenericApplicationContext@77a57272: startup date [Fri Sep 09 11:14:03 CST 2016]; root of context hierarchy
2016-09-09 11:14:03,504 INFO org.springframework.context.support.PropertySourcesPlaceholderConfigurer:172 - Loading properties file from class path resource [mysql-application.properties]
2016-09-09 11:14:03,887 INFO com.alibaba.druid.pool.DruidDataSource:669 - {dataSource-1} inited
2016-09-09 11:14:04,202 INFO org.springframework.test.context.transaction.TransactionContext:101 - Began transaction (1) for test context [DefaultTestContext@7fb95505 testClass = GeneralUserTest, testInstance = org.beetl.sql.test.mysql.GeneralUserTest@58be6e8, testMethod = testAllQuery@GeneralUserTest, testException = [null], mergedContextConfiguration = [MergedContextConfiguration@727eb8cb testClass = GeneralUserTest, locations = '{classpath:applicationContext-mysql-beetlsql.xml}', classes = '{}', contextInitializerClasses = '[]', activeProfiles = '{}', propertySourceLocations = '{}', propertySourceProperties = '{}', contextLoader = 'org.springframework.test.context.support.DelegatingSmartContextLoader', parent = [null]]]; transaction manager [org.springframework.jdbc.datasource.DataSourceTransactionManager@7331196b]; rollback [true]
2016-09-09 11:14:04,955 INFO org.springframework.test.context.transaction.TransactionContext:136 - Rolled back transaction for test context [DefaultTestContext@7fb95505 testClass = GeneralUserTest, testInstance = org.beetl.sql.test.mysql.GeneralUserTest@58be6e8, testMethod = testAllQuery@GeneralUserTest, testException = [null], mergedContextConfiguration = [MergedContextConfiguration@727eb8cb testClass = GeneralUserTest, locations = '{classpath:applicationContext-mysql-beetlsql.xml}', classes = '{}', contextInitializerClasses = '[]', activeProfiles = '{}', propertySourceLocations = '{}', propertySourceProperties = '{}', contextLoader = 'org.springframework.test.context.support.DelegatingSmartContextLoader', parent = [null]]].
2016-09-09 11:14:04,961 INFO org.springframework.test.context.transaction.TransactionContext:101 - Began transaction (1) for test context [DefaultTestContext@7fb95505 testClass = GeneralUserTest, testInstance = org.beetl.sql.test.mysql.GeneralUserTest@6bc28a83, testMethod = testTail@GeneralUserTest, testException = [null], mergedContextConfiguration = [MergedContextConfiguration@727eb8cb testClass = GeneralUserTest, locations = '{classpath:applicationContext-mysql-beetlsql.xml}', classes = '{}', contextInitializerClasses = '[]', activeProfiles = '{}', propertySourceLocations = '{}', propertySourceProperties = '{}', contextLoader = 'org.springframework.test.context.support.DelegatingSmartContextLoader', parent = [null]]]; transaction manager [org.springframework.jdbc.datasource.DataSourceTransactionManager@7331196b]; rollback [true]
2016-09-09 11:14:05,164 INFO org.springframework.test.context.transaction.TransactionContext:136 - Rolled back transaction for test context [DefaultTestContext@7fb95505 testClass = GeneralUserTest, testInstance = org.beetl.sql.test.mysql.GeneralUserTest@6bc28a83, testMethod = testTail@GeneralUserTest, testException = [null], mergedContextConfiguration = [MergedContextConfiguration@727eb8cb testClass = GeneralUserTest, locations = '{classpath:applicationContext-mysql-beetlsql.xml}', classes = '{}', contextInitializerClasses = '[]', activeProfiles = '{}', propertySourceLocations = '{}', propertySourceProperties = '{}', contextLoader = 'org.springframework.test.context.support.DelegatingSmartContextLoader', parent = [null]]].
2016-09-09 11:14:05,167 INFO org.springframework.test.context.transaction.TransactionContext:101 - Began transaction (1) for test context [DefaultTestContext@7fb95505 testClass = GeneralUserTest, testInstance = org.beetl.sql.test.mysql.GeneralUserTest@62da83ed, testMethod = testPageQuery1@GeneralUserTest, testException = [null], mergedContextConfiguration = [MergedContextConfiguration@727eb8cb testClass = GeneralUserTest, locations = '{classpath:applicationContext-mysql-beetlsql.xml}', classes = '{}', contextInitializerClasses = '[]', activeProfiles = '{}', propertySourceLocations = '{}', propertySourceProperties = '{}', contextLoader = 'org.springframework.test.context.support.DelegatingSmartContextLoader', parent = [null]]]; transaction manager [org.springframework.jdbc.datasource.DataSourceTransactionManager@7331196b]; rollback [true]
2016-09-09 11:14:05,380 INFO org.springframework.test.context.transaction.TransactionContext:136 - Rolled back transaction for test context [DefaultTestContext@7fb95505 testClass = GeneralUserTest, testInstance = org.beetl.sql.test.mysql.GeneralUserTest@62da83ed, testMethod = testPageQuery1@GeneralUserTest, testException = [null], mergedContextConfiguration = [MergedContextConfiguration@727eb8cb testClass = GeneralUserTest, locations = '{classpath:applicationContext-mysql-beetlsql.xml}', classes = '{}', contextInitializerClasses = '[]', activeProfiles = '{}', propertySourceLocations = '{}', propertySourceProperties = '{}', contextLoader = 'org.springframework.test.context.support.DelegatingSmartContextLoader', parent = [null]]].
2016-09-09 11:14:05,382 INFO org.springframework.test.context.transaction.TransactionContext:101 - Began transaction (1) for test context [DefaultTestContext@7fb95505 testClass = GeneralUserTest, testInstance = org.beetl.sql.test.mysql.GeneralUserTest@33aa93c, testMethod = testPageQuery2@GeneralUserTest, testException = [null], mergedContextConfiguration = [MergedContextConfiguration@727eb8cb testClass = GeneralUserTest, locations = '{classpath:applicationContext-mysql-beetlsql.xml}', classes = '{}', contextInitializerClasses = '[]', activeProfiles = '{}', propertySourceLocations = '{}', propertySourceProperties = '{}', contextLoader = 'org.springframework.test.context.support.DelegatingSmartContextLoader', parent = [null]]]; transaction manager [org.springframework.jdbc.datasource.DataSourceTransactionManager@7331196b]; rollback [true]
2016-09-09 11:14:05,488 INFO org.springframework.test.context.transaction.TransactionContext:136 - Rolled back transaction for test context [DefaultTestContext@7fb95505 testClass = GeneralUserTest, testInstance = org.beetl.sql.test.mysql.GeneralUserTest@33aa93c, testMethod = testPageQuery2@GeneralUserTest, testException = [null], mergedContextConfiguration = [MergedContextConfiguration@727eb8cb testClass = GeneralUserTest, locations = '{classpath:applicationContext-mysql-beetlsql.xml}', classes = '{}', contextInitializerClasses = '[]', activeProfiles = '{}', propertySourceLocations = '{}', propertySourceProperties = '{}', contextLoader = 'org.springframework.test.context.support.DelegatingSmartContextLoader', parent = [null]]].
2016-09-09 11:14:05,490 INFO org.springframework.test.context.transaction.TransactionContext:101 - Began transaction (1) for test context [DefaultTestContext@7fb95505 testClass = GeneralUserTest, testInstance = org.beetl.sql.test.mysql.GeneralUserTest@6a1ebcff, testMethod = testPageQuery3@GeneralUserTest, testException = [null], mergedContextConfiguration = [MergedContextConfiguration@727eb8cb testClass = GeneralUserTest, locations = '{classpath:applicationContext-mysql-beetlsql.xml}', classes = '{}', contextInitializerClasses = '[]', activeProfiles = '{}', propertySourceLocations = '{}', propertySourceProperties = '{}', contextLoader = 'org.springframework.test.context.support.DelegatingSmartContextLoader', parent = [null]]]; transaction manager [org.springframework.jdbc.datasource.DataSourceTransactionManager@7331196b]; rollback [true]
2016-09-09 11:14:05,621 INFO org.springframework.test.context.transaction.TransactionContext:136 - Rolled back transaction for test context [DefaultTestContext@7fb95505 testClass = GeneralUserTest, testInstance = org.beetl.sql.test.mysql.GeneralUserTest@6a1ebcff, testMethod = testPageQuery3@GeneralUserTest, testException = [null], mergedContextConfiguration = [MergedContextConfiguration@727eb8cb testClass = GeneralUserTest, locations = '{classpath:applicationContext-mysql-beetlsql.xml}', classes = '{}', contextInitializerClasses = '[]', activeProfiles = '{}', propertySourceLocations = '{}', propertySourceProperties = '{}', contextLoader = 'org.springframework.test.context.support.DelegatingSmartContextLoader', parent = [null]]].
2016-09-09 11:14:05,623 INFO org.springframework.test.context.transaction.TransactionContext:101 - Began transaction (1) for test context [DefaultTestContext@7fb95505 testClass = GeneralUserTest, testInstance = org.beetl.sql.test.mysql.GeneralUserTest@aa5455e, testMethod = testPageQuery4@GeneralUserTest, testException = [null], mergedContextConfiguration = [MergedContextConfiguration@727eb8cb testClass = GeneralUserTest, locations = '{classpath:applicationContext-mysql-beetlsql.xml}', classes = '{}', contextInitializerClasses = '[]', activeProfiles = '{}', propertySourceLocations = '{}', propertySourceProperties = '{}', contextLoader = 'org.springframework.test.context.support.DelegatingSmartContextLoader', parent = [null]]]; transaction manager [org.springframework.jdbc.datasource.DataSourceTransactionManager@7331196b]; rollback [true]
2016-09-09 11:14:05,699 INFO org.springframework.test.context.transaction.TransactionContext:136 - Rolled back transaction for test context [DefaultTestContext@7fb95505 testClass = GeneralUserTest, testInstance = org.beetl.sql.test.mysql.GeneralUserTest@aa5455e, testMethod = testPageQuery4@GeneralUserTest, testException = [null], mergedContextConfiguration = [MergedContextConfiguration@727eb8cb testClass = GeneralUserTest, locations = '{classpath:applicationContext-mysql-beetlsql.xml}', classes = '{}', contextInitializerClasses = '[]', activeProfiles = '{}', propertySourceLocations = '{}', propertySourceProperties = '{}', contextLoader = 'org.springframework.test.context.support.DelegatingSmartContextLoader', parent = [null]]].
2016-09-09 11:14:05,702 INFO org.springframework.test.context.transaction.TransactionContext:101 - Began transaction (1) for test context [DefaultTestContext@7fb95505 testClass = GeneralUserTest, testInstance = org.beetl.sql.test.mysql.GeneralUserTest@2899a8db, testMethod = testDelete@GeneralUserTest, testException = [null], mergedContextConfiguration = [MergedContextConfiguration@727eb8cb testClass = GeneralUserTest, locations = '{classpath:applicationContext-mysql-beetlsql.xml}', classes = '{}', contextInitializerClasses = '[]', activeProfiles = '{}', propertySourceLocations = '{}', propertySourceProperties = '{}', contextLoader = 'org.springframework.test.context.support.DelegatingSmartContextLoader', parent = [null]]]; transaction manager [org.springframework.jdbc.datasource.DataSourceTransactionManager@7331196b]; rollback [true]
2016-09-09 11:14:05,805 INFO org.springframework.test.context.transaction.TransactionContext:136 - Rolled back transaction for test context [DefaultTestContext@7fb95505 testClass = GeneralUserTest, testInstance = org.beetl.sql.test.mysql.GeneralUserTest@2899a8db, testMethod = testDelete@GeneralUserTest, testException = [null], mergedContextConfiguration = [MergedContextConfiguration@727eb8cb testClass = GeneralUserTest, locations = '{classpath:applicationContext-mysql-beetlsql.xml}', classes = '{}', contextInitializerClasses = '[]', activeProfiles = '{}', propertySourceLocations = '{}', propertySourceProperties = '{}', contextLoader = 'org.springframework.test.context.support.DelegatingSmartContextLoader', parent = [null]]].
2016-09-09 11:14:05,808 INFO org.springframework.test.context.transaction.TransactionContext:101 - Began transaction (1) for test context [DefaultTestContext@7fb95505 testClass = GeneralUserTest, testInstance = org.beetl.sql.test.mysql.GeneralUserTest@2392212b, testMethod = testInsert@GeneralUserTest, testException = [null], mergedContextConfiguration = [MergedContextConfiguration@727eb8cb testClass = GeneralUserTest, locations = '{classpath:applicationContext-mysql-beetlsql.xml}', classes = '{}', contextInitializerClasses = '[]', activeProfiles = '{}', propertySourceLocations = '{}', propertySourceProperties = '{}', contextLoader = 'org.springframework.test.context.support.DelegatingSmartContextLoader', parent = [null]]]; transaction manager [org.springframework.jdbc.datasource.DataSourceTransactionManager@7331196b]; rollback [true]
2016-09-09 11:14:05,871 INFO org.springframework.test.context.transaction.TransactionContext:136 - Rolled back transaction for test context [DefaultTestContext@7fb95505 testClass = GeneralUserTest, testInstance = org.beetl.sql.test.mysql.GeneralUserTest@2392212b, testMethod = testInsert@GeneralUserTest, testException = [null], mergedContextConfiguration = [MergedContextConfiguration@727eb8cb testClass = GeneralUserTest, locations = '{classpath:applicationContext-mysql-beetlsql.xml}', classes = '{}', contextInitializerClasses = '[]', activeProfiles = '{}', propertySourceLocations = '{}', propertySourceProperties = '{}', contextLoader = 'org.springframework.test.context.support.DelegatingSmartContextLoader', parent = [null]]].
2016-09-09 11:14:05,873 INFO org.springframework.test.context.transaction.TransactionContext:101 - Began transaction (1) for test context [DefaultTestContext@7fb95505 testClass = GeneralUserTest, testInstance = org.beetl.sql.test.mysql.GeneralUserTest@1ea9f009, testMethod = testTemplateQuery@GeneralUserTest, testException = [null], mergedContextConfiguration = [MergedContextConfiguration@727eb8cb testClass = GeneralUserTest, locations = '{classpath:applicationContext-mysql-beetlsql.xml}', classes = '{}', contextInitializerClasses = '[]', activeProfiles = '{}', propertySourceLocations = '{}', propertySourceProperties = '{}', contextLoader = 'org.springframework.test.context.support.DelegatingSmartContextLoader', parent = [null]]]; transaction manager [org.springframework.jdbc.datasource.DataSourceTransactionManager@7331196b]; rollback [true]
2016-09-09 11:14:05,972 INFO org.springframework.test.context.transaction.TransactionContext:136 - Rolled back transaction for test context [DefaultTestContext@7fb95505 testClass = GeneralUserTest, testInstance = org.beetl.sql.test.mysql.GeneralUserTest@1ea9f009, testMethod = testTemplateQuery@GeneralUserTest, testException = [null], mergedContextConfiguration = [MergedContextConfiguration@727eb8cb testClass = GeneralUserTest, locations = '{classpath:applicationContext-mysql-beetlsql.xml}', classes = '{}', contextInitializerClasses = '[]', activeProfiles = '{}', propertySourceLocations = '{}', propertySourceProperties = '{}', contextLoader = 'org.springframework.test.context.support.DelegatingSmartContextLoader', parent = [null]]].
2016-09-09 11:14:05,974 INFO org.springframework.test.context.transaction.TransactionContext:101 - Began transaction (1) for test context [DefaultTestContext@7fb95505 testClass = GeneralUserTest, testInstance = org.beetl.sql.test.mysql.GeneralUserTest@2c0f7678, testMethod = testSingle@GeneralUserTest, testException = [null], mergedContextConfiguration = [MergedContextConfiguration@727eb8cb testClass = GeneralUserTest, locations = '{classpath:applicationContext-mysql-beetlsql.xml}', classes = '{}', contextInitializerClasses = '[]', activeProfiles = '{}', propertySourceLocations = '{}', propertySourceProperties = '{}', contextLoader = 'org.springframework.test.context.support.DelegatingSmartContextLoader', parent = [null]]]; transaction manager [org.springframework.jdbc.datasource.DataSourceTransactionManager@7331196b]; rollback [true]
2016-09-09 11:14:06,046 INFO org.springframework.test.context.transaction.TransactionContext:136 - Rolled back transaction for test context [DefaultTestContext@7fb95505 testClass = GeneralUserTest, testInstance = org.beetl.sql.test.mysql.GeneralUserTest@2c0f7678, testMethod = testSingle@GeneralUserTest, testException = [null], mergedContextConfiguration = [MergedContextConfiguration@727eb8cb testClass = GeneralUserTest, locations = '{classpath:applicationContext-mysql-beetlsql.xml}', classes = '{}', contextInitializerClasses = '[]', activeProfiles = '{}', propertySourceLocations = '{}', propertySourceProperties = '{}', contextLoader = 'org.springframework.test.context.support.DelegatingSmartContextLoader', parent = [null]]].
2016-09-09 11:14:06,048 INFO org.springframework.test.context.transaction.TransactionContext:101 - Began transaction (1) for test context [DefaultTestContext@7fb95505 testClass = GeneralUserTest, testInstance = org.beetl.sql.test.mysql.GeneralUserTest@5f574cc2, testMethod = testUnique@GeneralUserTest, testException = [null], mergedContextConfiguration = [MergedContextConfiguration@727eb8cb testClass = GeneralUserTest, locations = '{classpath:applicationContext-mysql-beetlsql.xml}', classes = '{}', contextInitializerClasses = '[]', activeProfiles = '{}', propertySourceLocations = '{}', propertySourceProperties = '{}', contextLoader = 'org.springframework.test.context.support.DelegatingSmartContextLoader', parent = [null]]]; transaction manager [org.springframework.jdbc.datasource.DataSourceTransactionManager@7331196b]; rollback [true]
2016-09-09 11:14:06,166 INFO org.springframework.test.context.transaction.TransactionContext:136 - Rolled back transaction for test context [DefaultTestContext@7fb95505 testClass = GeneralUserTest, testInstance = org.beetl.sql.test.mysql.GeneralUserTest@5f574cc2, testMethod = testUnique@GeneralUserTest, testException = [null], mergedContextConfiguration = [MergedContextConfiguration@727eb8cb testClass = GeneralUserTest, locations = '{classpath:applicationContext-mysql-beetlsql.xml}', classes = '{}', contextInitializerClasses = '[]', activeProfiles = '{}', propertySourceLocations = '{}', propertySourceProperties = '{}', contextLoader = 'org.springframework.test.context.support.DelegatingSmartContextLoader', parent = [null]]].
2016-09-09 11:14:06,169 INFO org.springframework.test.context.transaction.TransactionContext:101 - Began transaction (1) for test context [DefaultTestContext@7fb95505 testClass = GeneralUserTest, testInstance = org.beetl.sql.test.mysql.GeneralUserTest@7cf7aee, testMethod = testUpdate@GeneralUserTest, testException = [null], mergedContextConfiguration = [MergedContextConfiguration@727eb8cb testClass = GeneralUserTest, locations = '{classpath:applicationContext-mysql-beetlsql.xml}', classes = '{}', contextInitializerClasses = '[]', activeProfiles = '{}', propertySourceLocations = '{}', propertySourceProperties = '{}', contextLoader = 'org.springframework.test.context.support.DelegatingSmartContextLoader', parent = [null]]]; transaction manager [org.springframework.jdbc.datasource.DataSourceTransactionManager@7331196b]; rollback [true]
2016-09-09 11:14:06,238 INFO org.springframework.test.context.transaction.TransactionContext:136 - Rolled back transaction for test context [DefaultTestContext@7fb95505 testClass = GeneralUserTest, testInstance = org.beetl.sql.test.mysql.GeneralUserTest@7cf7aee, testMethod = testUpdate@GeneralUserTest, testException = [null], mergedContextConfiguration = [MergedContextConfiguration@727eb8cb testClass = GeneralUserTest, locations = '{classpath:applicationContext-mysql-beetlsql.xml}', classes = '{}', contextInitializerClasses = '[]', activeProfiles = '{}', propertySourceLocations = '{}', propertySourceProperties = '{}', contextLoader = 'org.springframework.test.context.support.DelegatingSmartContextLoader', parent = [null]]].
2016-09-09 11:14:06,240 INFO org.springframework.test.context.transaction.TransactionContext:101 - Began transaction (1) for test context [DefaultTestContext@7fb95505 testClass = GeneralUserTest, testInstance = org.beetl.sql.test.mysql.GeneralUserTest@7af707e0, testMethod = testEnv@BaseMySqlTest, testException = [null], mergedContextConfiguration = [MergedContextConfiguration@727eb8cb testClass = GeneralUserTest, locations = '{classpath:applicationContext-mysql-beetlsql.xml}', classes = '{}', contextInitializerClasses = '[]', activeProfiles = '{}', propertySourceLocations = '{}', propertySourceProperties = '{}', contextLoader = 'org.springframework.test.context.support.DelegatingSmartContextLoader', parent = [null]]]; transaction manager [org.springframework.jdbc.datasource.DataSourceTransactionManager@7331196b]; rollback [true]
2016-09-09 11:14:06,282 INFO org.springframework.test.context.transaction.TransactionContext:136 - Rolled back transaction for test context [DefaultTestContext@7fb95505 testClass = GeneralUserTest, testInstance = org.beetl.sql.test.mysql.GeneralUserTest@7af707e0, testMethod = testEnv@BaseMySqlTest, testException = [null], mergedContextConfiguration = [MergedContextConfiguration@727eb8cb testClass = GeneralUserTest, locations = '{classpath:applicationContext-mysql-beetlsql.xml}', classes = '{}', contextInitializerClasses = '[]', activeProfiles = '{}', propertySourceLocations = '{}', propertySourceProperties = '{}', contextLoader = 'org.springframework.test.context.support.DelegatingSmartContextLoader', parent = [null]]].
2016-09-09 11:14:06,292 INFO org.springframework.test.context.transaction.TransactionContext:101 - Began transaction (1) for test context [DefaultTestContext@c68a5f8 testClass = KeysTest, testInstance = org.beetl.sql.test.mysql.KeysTest@69c6161d, testMethod = testUpate@KeysTest, testException = [null], mergedContextConfiguration = [MergedContextConfiguration@5ec77191 testClass = KeysTest, locations = '{classpath:applicationContext-mysql-beetlsql.xml}', classes = '{}', contextInitializerClasses = '[]', activeProfiles = '{}', propertySourceLocations = '{}', propertySourceProperties = '{}', contextLoader = 'org.springframework.test.context.support.DelegatingSmartContextLoader', parent = [null]]]; transaction manager [org.springframework.jdbc.datasource.DataSourceTransactionManager@7331196b]; rollback [true]
2016-09-09 11:14:06,396 INFO org.springframework.test.context.transaction.TransactionContext:136 - Rolled back transaction for test context [DefaultTestContext@c68a5f8 testClass = KeysTest, testInstance = org.beetl.sql.test.mysql.KeysTest@69c6161d, testMethod = testUpate@KeysTest, testException = [null], mergedContextConfiguration = [MergedContextConfiguration@5ec77191 testClass = KeysTest, locations = '{classpath:applicationContext-mysql-beetlsql.xml}', classes = '{}', contextInitializerClasses = '[]', activeProfiles = '{}', propertySourceLocations = '{}', propertySourceProperties = '{}', contextLoader = 'org.springframework.test.context.support.DelegatingSmartContextLoader', parent = [null]]].
2016-09-09 11:14:06,398 INFO org.springframework.test.context.transaction.TransactionContext:101 - Began transaction (1) for test context [DefaultTestContext@c68a5f8 testClass = KeysTest, testInstance = org.beetl.sql.test.mysql.KeysTest@66908383, testMethod = testDelete@KeysTest, testException = [null], mergedContextConfiguration = [MergedContextConfiguration@5ec77191 testClass = KeysTest, locations = '{classpath:applicationContext-mysql-beetlsql.xml}', classes = '{}', contextInitializerClasses = '[]', activeProfiles = '{}', propertySourceLocations = '{}', propertySourceProperties = '{}', contextLoader = 'org.springframework.test.context.support.DelegatingSmartContextLoader', parent = [null]]]; transaction manager [org.springframework.jdbc.datasource.DataSourceTransactionManager@7331196b]; rollback [true]
2016-09-09 11:14:06,456 INFO org.springframework.test.context.transaction.TransactionContext:136 - Rolled back transaction for test context [DefaultTestContext@c68a5f8 testClass = KeysTest, testInstance = org.beetl.sql.test.mysql.KeysTest@66908383, testMethod = testDelete@KeysTest, testException = [null], mergedContextConfiguration = [MergedContextConfiguration@5ec77191 testClass = KeysTest, locations = '{classpath:applicationContext-mysql-beetlsql.xml}', classes = '{}', contextInitializerClasses = '[]', activeProfiles = '{}', propertySourceLocations = '{}', propertySourceProperties = '{}', contextLoader = 'org.springframework.test.context.support.DelegatingSmartContextLoader', parent = [null]]].
2016-09-09 11:14:06,459 INFO org.springframework.test.context.transaction.TransactionContext:101 - Began transaction (1) for test context [DefaultTestContext@c68a5f8 testClass = KeysTest, testInstance = org.beetl.sql.test.mysql.KeysTest@736ac09a, testMethod = testEnv@BaseMySqlTest, testException = [null], mergedContextConfiguration = [MergedContextConfiguration@5ec77191 testClass = KeysTest, locations = '{classpath:applicationContext-mysql-beetlsql.xml}', classes = '{}', contextInitializerClasses = '[]', activeProfiles = '{}', propertySourceLocations = '{}', propertySourceProperties = '{}', contextLoader = 'org.springframework.test.context.support.DelegatingSmartContextLoader', parent = [null]]]; transaction manager [org.springframework.jdbc.datasource.DataSourceTransactionManager@7331196b]; rollback [true]
2016-09-09 11:14:06,461 INFO org.springframework.test.context.transaction.TransactionContext:136 - Rolled back transaction for test context [DefaultTestContext@c68a5f8 testClass = KeysTest, testInstance = org.beetl.sql.test.mysql.KeysTest@736ac09a, testMethod = testEnv@BaseMySqlTest, testException = [null], mergedContextConfiguration = [MergedContextConfiguration@5ec77191 testClass = KeysTest, locations = '{classpath:applicationContext-mysql-beetlsql.xml}', classes = '{}', contextInitializerClasses = '[]', activeProfiles = '{}', propertySourceLocations = '{}', propertySourceProperties = '{}', contextLoader = 'org.springframework.test.context.support.DelegatingSmartContextLoader', parent = [null]]].
2016-09-09 11:14:06,479 INFO org.springframework.test.context.transaction.TransactionContext:101 - Began transaction (1) for test context [DefaultTestContext@3b0ca5e1 testClass = InsertTest, testInstance = org.beetl.sql.test.mysql.InsertTest@5bb3131b, testMethod = testAssign@InsertTest, testException = [null], mergedContextConfiguration = [MergedContextConfiguration@6ecd665 testClass = InsertTest, locations = '{classpath:applicationContext-mysql-beetlsql.xml}', classes = '{}', contextInitializerClasses = '[]', activeProfiles = '{}', propertySourceLocations = '{}', propertySourceProperties = '{}', contextLoader = 'org.springframework.test.context.support.DelegatingSmartContextLoader', parent = [null]]]; transaction manager [org.springframework.jdbc.datasource.DataSourceTransactionManager@7331196b]; rollback [true]
2016-09-09 11:14:06,538 INFO org.springframework.test.context.transaction.TransactionContext:136 - Rolled back transaction for test context [DefaultTestContext@3b0ca5e1 testClass = InsertTest, testInstance = org.beetl.sql.test.mysql.InsertTest@5bb3131b, testMethod = testAssign@InsertTest, testException = [null], mergedContextConfiguration = [MergedContextConfiguration@6ecd665 testClass = InsertTest, locations = '{classpath:applicationContext-mysql-beetlsql.xml}', classes = '{}', contextInitializerClasses = '[]', activeProfiles = '{}', propertySourceLocations = '{}', propertySourceProperties = '{}', contextLoader = 'org.springframework.test.context.support.DelegatingSmartContextLoader', parent = [null]]].
2016-09-09 11:14:06,541 INFO org.springframework.test.context.transaction.TransactionContext:101 - Began transaction (1) for test context [DefaultTestContext@3b0ca5e1 testClass = InsertTest, testInstance = org.beetl.sql.test.mysql.InsertTest@5bb8f9e2, testMethod = testInsert@InsertTest, testException = [null], mergedContextConfiguration = [MergedContextConfiguration@6ecd665 testClass = InsertTest, locations = '{classpath:applicationContext-mysql-beetlsql.xml}', classes = '{}', contextInitializerClasses = '[]', activeProfiles = '{}', propertySourceLocations = '{}', propertySourceProperties = '{}', contextLoader = 'org.springframework.test.context.support.DelegatingSmartContextLoader', parent = [null]]]; transaction manager [org.springframework.jdbc.datasource.DataSourceTransactionManager@7331196b]; rollback [true]
2016-09-09 11:14:06,604 INFO org.springframework.test.context.transaction.TransactionContext:136 - Rolled back transaction for test context [DefaultTestContext@3b0ca5e1 testClass = InsertTest, testInstance = org.beetl.sql.test.mysql.InsertTest@5bb8f9e2, testMethod = testInsert@InsertTest, testException = [null], mergedContextConfiguration = [MergedContextConfiguration@6ecd665 testClass = InsertTest, locations = '{classpath:applicationContext-mysql-beetlsql.xml}', classes = '{}', contextInitializerClasses = '[]', activeProfiles = '{}', propertySourceLocations = '{}', propertySourceProperties = '{}', contextLoader = 'org.springframework.test.context.support.DelegatingSmartContextLoader', parent = [null]]].
2016-09-09 11:14:06,606 INFO org.springframework.test.context.transaction.TransactionContext:101 - Began transaction (1) for test context [DefaultTestContext@3b0ca5e1 testClass = InsertTest, testInstance = org.beetl.sql.test.mysql.InsertTest@375b5b7f, testMethod = testEnv@BaseMySqlTest, testException = [null], mergedContextConfiguration = [MergedContextConfiguration@6ecd665 testClass = InsertTest, locations = '{classpath:applicationContext-mysql-beetlsql.xml}', classes = '{}', contextInitializerClasses = '[]', activeProfiles = '{}', propertySourceLocations = '{}', propertySourceProperties = '{}', contextLoader = 'org.springframework.test.context.support.DelegatingSmartContextLoader', parent = [null]]]; transaction manager [org.springframework.jdbc.datasource.DataSourceTransactionManager@7331196b]; rollback [true]
2016-09-09 11:14:06,607 INFO org.springframework.test.context.transaction.TransactionContext:136 - Rolled back transaction for test context [DefaultTestContext@3b0ca5e1 testClass = InsertTest, testInstance = org.beetl.sql.test.mysql.InsertTest@375b5b7f, testMethod = testEnv@BaseMySqlTest, testException = [null], mergedContextConfiguration = [MergedContextConfiguration@6ecd665 testClass = InsertTest, locations = '{classpath:applicationContext-mysql-beetlsql.xml}', classes = '{}', contextInitializerClasses = '[]', activeProfiles = '{}', propertySourceLocations = '{}', propertySourceProperties = '{}', contextLoader = 'org.springframework.test.context.support.DelegatingSmartContextLoader', parent = [null]]].
2016-09-09 11:14:06,609 INFO org.springframework.context.support.GenericApplicationContext:957 - Closing org.springframework.context.support.GenericApplicationContext@77a57272: startup date [Fri Sep 09 11:14:03 CST 2016]; root of context hierarchy
2016-09-09 11:14:06,619 INFO com.alibaba.druid.pool.DruidDataSource:1385 - {dataSource-1} closed
